,filename,acquisition,systemVendor,systemModel,systemFieldStrength_T,receiverChannels,institutionName,enc_x,enc_y,enc_z,rec_x,rec_y,rec_z,enc_x_mm,enc_y_mm,enc_z_mm,rec_x_mm,rec_y_mm,rec_z_mm,nPE,acc,num_low_freq
0,multicoil_train/file1000005.h5,CORPD_FBK,SIEMENS,Aera,1.494,15,NYU,640,372,1,320,320,1,280.0,162.820007,4.5,140.0,140.0,3.0,335,0,0
1,multicoil_train/file1000012.h5,CORPD_FBK,SIEMENS,Aera,1.494,15,NYU,640,372,1,320,320,1,280.0,162.820007,4.5,140.0,140.0,3.0,335,0,0
2,multicoil_train/file1000015.h5,CORPDFS_FBK,SIEMENS,Aera,1.494,15,NYU,640,372,1,320,320,1,280.0,162.820007,4.5,140.0,140.0,3.0,335,0,0
3,multicoil_train/file1000032.h5,CORPD_FBK,SIEMENS,Aera,1.494,15,NYU,640,372,1,320,320,1,280.0,162.820007,4.5,140.0,140.0,3.0,335,0,0
4,multicoil_train/file1000043.h5,CORPD_FBK,SIEMENS,Aera,1.494,15,NYU,640,372,1,320,320,1,280.0,162.820007,4.5,140.0,140.0,3.0,335,0,0
5,multicoil_train/file1000053.h5,CORPDFS_FBK,SIEMENS,Aera,1.494,15,NYU,640,372,1,320,320,1,280.0,162.820007,4.5,140.0,140.0,3.0,335,0,0
6,multicoil_train/file1000060.h5,CORPDFS_FBK,SIEMENS,Aera,1.494,15,NYU,640,372,1,320,320,1,280.0,162.820007,4.5,140.0,140.0,3.0,335,0,0
7,multicoil_train/file1000070.h5,CORPDFS_FBK,SIEMENS,Aera,1.494,15,NYU,640,372,1,320,320,1,280.0,162.820007,4.5,140.0,140.0,3.0,335,0,0
8,multicoil_train/file1000075.h5,CORPD_FBK,SIEMENS,Aera,1.494,15,NYU,640,372,1,320,320,1,280.0,162.820007,4.5,140.0,140.0,3.0,335,0,0
9,multicoil_train/file1000084.h5,CORPD_FBK,SIEMENS,Aera,1.494,15,NYU,640,372,1,320,320,1,280.0,162.820007,4.5,140.0,140.0,3.0,335,0,0
10,multicoil_train/file1000085.h5,CORPDFS_FBK,SIEMENS,Aera,1.494,15,HJD,640,372,1,320,320,1,280.0,162.820007,4.5,140.0,140.0,3.0,335,0,0
11,multicoil_train/file1000086.h5,CORPD_FBK,SIEMENS,Aera,1.494,15,NYU,640,372,1,320,320,1,280.0,162.820007,4.5,140.0,140.0,3.0,335,0,0
12,multicoil_train/file1000088.h5,CORPDFS_FBK,SIEMENS,Aera,1.494,15,HJD,640,372,1,320,320,1,280.0,162.820007,4.5,140.0,140.0,3.0,335,0,0
13,multicoil_train/file1000109.h5,CORPD_FBK,SIEMENS,Aera,1.494,15,NYU,640,372,1,320,320,1,280.0,162.820007,4.5,140.0,140.0,3.0,335,0,0
14,multicoil_train/file1000117.h5,CORPD_FBK,SIEMENS,Aera,1.494,15,NYU,640,372,1,320,320,1,280.0,162.820007,4.5,140.0,140.0,3.0,335,0,0
15,multicoil_train/file1000123.h5,CORPDFS_FBK,SIEMENS,Aera,1.494,15,HJD,640,372,1,320,320,1,280.0,162.820007,4.5,140.0,140.0,3.0,335,0,0
16,multicoil_train/file1000129.h5,CORPDFS_FBK,SIEMENS,Aera,1.494,15,NYU,640,372,1,320,320,1,280.0,162.820007,4.5,140.0,140.0,3.0,335,0,0
17,multicoil_train/file1000141.h5,CORPD_FBK,SIEMENS,Aera,1.494,15,NYU,640,372,1,320,320,1,280.0,162.820007,4.5,140.0,140.0,3.0,335,0,0
18,multicoil_train/file1000142.h5,CORPDFS_FBK,SIEMENS,Aera,1.494,15,NYU,640,372,1,320,320,1,280.0,162.820007,4.5,140.0,140.0,3.0,335,0,0
19,multicoil_train/file1000143.h5,CORPDFS_FBK,SIEMENS,Aera,1.494,15,NYU,640,372,1,320,320,1,280.0,162.820007,4.5,140.0,140.0,3.0,335,0,0
20,multicoil_train/file1000154.h5,CORPDFS_FBK,SIEMENS,Aera,1.494,15,NYU,640,372,1,320,320,1,280.0,162.820007,4.5,140.0,140.0,3.0,335,0,0
21,multicoil_train/file1000167.h5,CORPDFS_FBK,SIEMENS,Aera,1.494,15,NYU,640,372,1,320,320,1,280.0,162.820007,4.5,140.0,140.0,3.0,335,0,0
22,multicoil_train/file1000172.h5,CORPD_FBK,SIEMENS,Aera,1.494,15,NYU,640,372,1,320,320,1,280.0,162.820007,4.5,140.0,140.0,3.0,335,0,0
23,multicoil_train/file1000176.h5,CORPD_FBK,SIEMENS,Aera,1.494,15,NYU,640,372,1,320,320,1,280.0,162.820007,4.5,140.0,140.0,3.0,335,0,0
24,multicoil_train/file1000179.h5,CORPDFS_FBK,SIEMENS,Aera,1.494,15,NYU,640,372,1,320,320,1,280.0,162.820007,4.5,140.0,140.0,3.0,335,0,0
25,multicoil_train/file1000185.h5,CORPD_FBK,SIEMENS,Aera,1.494,15,NYU,640,372,1,320,320,1,280.0,162.820007,4.5,140.0,140.0,3.0,335,0,0
26,multicoil_train/file1000195.h5,CORPD_FBK,SIEMENS,Aera,1.494,15,NYU,640,372,1,320,320,1,280.0,162.820007,4.5,140.0,140.0,3.0,335,0,0
27,multicoil_train/file1000198.h5,CORPDFS_FBK,SIEMENS,Aera,1.494,15,NYU,640,372,1,320,320,1,280.0,162.820007,4.5,140.0,140.0,3.0,335,0,0
28,multicoil_train/file1000199.h5,CORPD_FBK,SIEMENS,Aera,1.494,15,NYU,640,372,1,320,320,1,280.0,162.820007,4.5,140.0,140.0,3.0,335,0,0
29,multicoil_train/file1000200.h5,CORPD_FBK,SIEMENS,Aera,1.494,15,NYU,640,372,1,320,320,1,280.0,162.820007,4.5,140.0,140.0,3.0,335,0,0
30,multicoil_train/file1000205.h5,CORPDFS_FBK,SIEMENS,Aera,1.494,15,NYU,640,372,1,320,320,1,280.0,162.820007,4.5,140.0,140.0,3.0,335,0,0
31,multicoil_train/file1000222.h5,CORPD_FBK,SIEMENS,Aera,1.494,15,HJD,640,372,1,320,320,1,280.0,162.820007,4.5,140.0,140.0,3.0,335,0,0
32,multicoil_train/file1000225.h5,CORPDFS_FBK,SIEMENS,Aera,1.494,15,NYU,640,372,1,320,320,1,280.0,162.820007,4.5,140.0,140.0,3.0,335,0,0
33,multicoil_train/file1000237.h5,CORPDFS_FBK,SIEMENS,Aera,1.494,15,NYU,640,372,1,320,320,1,280.0,162.820007,4.5,140.0,140.0,3.0,335,0,0
34,multicoil_train/file1000246.h5,CORPDFS_FBK,SIEMENS,Aera,1.494,15,NYU,640,322,1,320,320,1,280.0,140.979996,4.5,140.0,140.0,3.0,290,0,0
35,multicoil_train/file1000248.h5,CORPDFS_FBK,SIEMENS,Aera,1.494,15,HJD,640,372,1,320,320,1,280.0,162.820007,4.5,140.0,140.0,3.0,335,0,0
36,multicoil_train/file1000250.h5,CORPDFS_FBK,SIEMENS,Aera,1.494,15,NYU,640,372,1,320,320,1,280.0,162.820007,4.5,140.0,140.0,3.0,335,0,0
37,multicoil_train/file1000257.h5,CORPD_FBK,SIEMENS,Aera,1.494,15,NYU,640,372,1,320,320,1,280.0,162.820007,4.5,140.0,140.0,3.0,335,0,0
38,multicoil_train/file1000259.h5,CORPD_FBK,SIEMENS,Aera,1.494,15,NYU,640,372,1,320,320,1,280.0,162.820007,4.5,140.0,140.0,3.0,335,0,0
39,multicoil_train/file1000265.h5,CORPD_FBK,SIEMENS,Aera,1.494,15,HJD,640,372,1,320,320,1,280.0,162.820007,4.5,140.0,140.0,3.0,335,0,0
40,multicoil_train/file1000275.h5,CORPDFS_FBK,SIEMENS,Aera,1.494,15,NYU,640,372,1,320,320,1,280.0,162.820007,4.5,140.0,140.0,3.0,335,0,0
41,multicoil_train/file1000284.h5,CORPD_FBK,SIEMENS,Aera,1.494,15,NYU,640,372,1,320,320,1,280.0,162.820007,4.5,140.0,140.0,3.0,335,0,0
42,multicoil_train/file1000290.h5,CORPD_FBK,SIEMENS,Aera,1.494,15,NYU,640,372,1,320,320,1,280.0,162.820007,4.5,140.0,140.0,3.0,335,0,0
43,multicoil_train/file1000300.h5,CORPD_FBK,SIEMENS,Aera,1.494,15,NYU,640,372,1,320,320,1,280.0,162.820007,4.5,140.0,140.0,3.0,335,0,0
44,multicoil_train/file1000301.h5,CORPD_FBK,SIEMENS,Aera,1.494,15,NYU,640,372,1,320,320,1,280.0,162.820007,4.5,140.0,140.0,3.0,335,0,0
45,multicoil_train/file1000311.h5,CORPDFS_FBK,SIEMENS,Aera,1.494,15,NYU,640,322,1,320,320,1,280.0,140.979996,4.5,140.0,140.0,3.0,290,0,0
46,multicoil_train/file1000315.h5,CORPD_FBK,SIEMENS,Aera,1.494,15,NYU,640,372,1,320,320,1,280.0,162.820007,4.5,140.0,140.0,3.0,335,0,0
47,multicoil_train/file1000317.h5,CORPDFS_FBK,SIEMENS,Aera,1.494,15,NYU,640,372,1,320,320,1,280.0,162.820007,4.5,140.0,140.0,3.0,335,0,0
48,multicoil_train/file1000335.h5,CORPD_FBK,SIEMENS,Aera,1.494,15,NYU,640,372,1,320,320,1,280.0,162.820007,4.5,140.0,140.0,3.0,335,0,0
49,multicoil_train/file1000338.h5,CORPDFS_FBK,SIEMENS,Aera,1.494,15,NYU,640,372,1,320,320,1,280.0,162.820007,4.5,140.0,140.0,3.0,335,0,0
50,multicoil_train/file1000340.h5,CORPDFS_FBK,SIEMENS,Aera,1.494,15,HJD,640,372,1,320,320,1,280.0,162.820007,4.5,140.0,140.0,3.0,335,0,0
51,multicoil_train/file1000342.h5,CORPD_FBK,SIEMENS,Aera,1.494,15,HJD,640,372,1,320,320,1,280.0,162.820007,4.5,140.0,140.0,3.0,335,0,0
52,multicoil_train/file1000002.h5,CORPDFS_FBK,SIEMENS,Skyra,2.89362,15,NYU,640,368,1,320,320,1,280.0,161.419998,4.5,140.0,140.0,3.0,332,0,0
53,multicoil_train/file1000003.h5,CORPD_FBK,SIEMENS,Skyra,2.89362,15,NYU,640,368,1,320,320,1,280.0,161.419998,4.5,140.0,140.0,3.0,332,0,0
54,multicoil_train/file1000021.h5,CORPD_FBK,SIEMENS,Skyra,2.89362,15,NYU,640,368,1,320,320,1,280.0,161.419998,4.5,140.0,140.0,3.0,332,0,0
55,multicoil_train/file1000023.h5,CORPDFS_FBK,SIEMENS,Skyra,2.89362,15,NYU,640,368,1,320,320,1,280.0,161.419998,4.5,140.0,140.0,3.0,332,0,0
56,multicoil_train/file1000027.h5,CORPDFS_FBK,SIEMENS,Skyra,2.89362,15,NYU,640,368,1,320,320,1,280.0,161.419998,4.5,140.0,140.0,3.0,332,0,0
57,multicoil_train/file1000029.h5,CORPDFS_FBK,SIEMENS,Skyra,2.89362,15,NYU,640,368,1,320,320,1,280.0,161.419998,4.5,140.0,140.0,3.0,332,0,0
58,multicoil_train/file1000039.h5,CORPDFS_FBK,SIEMENS,Skyra,2.89362,15,TH,640,368,1,320,320,1,280.0,161.419998,4.5,140.0,140.0,3.0,332,0,0
59,multicoil_train/file1000040.h5,CORPD_FBK,SIEMENS,Skyra,2.89362,15,NYU,640,368,1,320,320,1,280.0,161.419998,4.5,140.0,140.0,3.0,332,0,0
60,multicoil_train/file1000045.h5,CORPD_FBK,SIEMENS,Skyra,2.89362,15,TH,640,368,1,320,320,1,280.0,161.419998,4.5,140.0,140.0,3.0,332,0,0
61,multicoil_train/file1000048.h5,CORPD_FBK,SIEMENS,Skyra,2.89362,15,NYU,640,368,1,320,320,1,280.0,161.419998,4.5,140.0,140.0,3.0,332,0,0
62,multicoil_train/file1000058.h5,CORPD_FBK,SIEMENS,Skyra,2.89362,15,NYU,640,368,1,320,320,1,280.0,161.419998,4.5,140.0,140.0,3.0,332,0,0
63,multicoil_train/file1000059.h5,CORPDFS_FBK,SIEMENS,Skyra,2.89362,15,HJD,640,368,1,320,320,1,280.0,161.419998,4.5,140.0,140.0,3.0,332,0,0
64,multicoil_train/file1000064.h5,CORPDFS_FBK,SIEMENS,Skyra,2.89362,15,NYU,640,368,1,320,320,1,280.0,161.419998,4.5,140.0,140.0,3.0,332,0,0
65,multicoil_train/file1000065.h5,CORPDFS_FBK,SIEMENS,Skyra,2.89362,15,NYU,640,368,1,320,320,1,280.0,161.419998,4.5,140.0,140.0,3.0,332,0,0
66,multicoil_train/file1000066.h5,CORPDFS_FBK,SIEMENS,Skyra,2.89362,15,NYU,640,368,1,320,320,1,280.0,161.419998,4.5,140.0,140.0,3.0,332,0,0
67,multicoil_train/file1000069.h5,CORPD_FBK,SIEMENS,Skyra,2.89362,15,HJD,640,368,1,320,320,1,280.0,161.419998,4.5,140.0,140.0,3.0,332,0,0
68,multicoil_train/file1000094.h5,CORPDFS_FBK,SIEMENS,Skyra,2.89362,15,NYU,640,368,1,320,320,1,280.0,161.419998,4.5,140.0,140.0,3.0,332,0,0
69,multicoil_train/file1000098.h5,CORPD_FBK,SIEMENS,Skyra,2.89362,15,NYU,640,368,1,320,320,1,280.0,161.419998,4.5,140.0,140.0,3.0,332,0,0
70,multicoil_train/file1000100.h5,CORPDFS_FBK,SIEMENS,Skyra,2.89362,15,NYU,640,368,1,320,320,1,300.0,172.949997,4.5,150.0,150.0,3.0,332,0,0
71,multicoil_train/file1000116.h5,CORPD_FBK,SIEMENS,Skyra,2.89362,15,NYU,640,368,1,320,320,1,300.0,172.949997,4.5,150.0,150.0,3.0,332,0,0
72,multicoil_train/file1000120.h5,CORPDFS_FBK,SIEMENS,Skyra,2.89362,15,NYU,640,368,1,320,320,1,280.0,161.419998,4.5,140.0,140.0,3.0,332,0,0
73,multicoil_train/file1000125.h5,CORPDFS_FBK,SIEMENS,Skyra,2.89362,15,NYU,640,368,1,320,320,1,280.0,161.419998,4.5,140.0,140.0,3.0,332,0,0
74,multicoil_train/file1000127.h5,CORPDFS_FBK,SIEMENS,Skyra,2.89362,15,NYU,640,368,1,320,320,1,280.0,161.419998,4.5,140.0,140.0,3.0,332,0,0
75,multicoil_train/file1000131.h5,CORPD_FBK,SIEMENS,Skyra,2.89362,15,NYU,640,368,1,320,320,1,280.0,161.419998,4.5,140.0,140.0,3.0,332,0,0
76,multicoil_train/file1000138.h5,CORPDFS_FBK,SIEMENS,Skyra,2.89362,15,HJD,640,368,1,320,320,1,280.0,161.419998,4.5,140.0,140.0,3.0,332,0,0
77,multicoil_train/file1000148.h5,CORPDFS_FBK,SIEMENS,Skyra,2.89362,15,NYU,640,368,1,320,320,1,280.0,161.419998,4.5,140.0,140.0,3.0,332,0,0
78,multicoil_train/file1000161.h5,CORPDFS_FBK,SIEMENS,Skyra,2.89362,15,NYU,640,368,1,320,320,1,280.0,161.419998,4.5,140.0,140.0,3.0,332,0,0
79,multicoil_train/file1000170.h5,CORPD_FBK,SIEMENS,Skyra,2.89362,15,NYU,640,368,1,320,320,1,280.0,161.419998,4.5,140.0,140.0,3.0,332,0,0
80,multicoil_train/file1000173.h5,CORPDFS_FBK,SIEMENS,Skyra,2.89362,15,NYU,640,368,1,320,320,1,280.0,161.419998,4.5,140.0,140.0,3.0,332,0,0
81,multicoil_train/file1000177.h5,CORPDFS_FBK,SIEMENS,Skyra,2.89362,15,NYU,640,368,1,320,320,1,280.0,161.419998,4.5,140.0,140.0,3.0,332,0,0
82,multicoil_train/file1000180.h5,CORPD_FBK,SIEMENS,Skyra,2.89362,15,NYU,640,368,1,320,320,1,280.0,161.419998,4.5,140.0,140.0,3.0,332,0,0
83,multicoil_train/file1000188.h5,CORPD_FBK,SIEMENS,Skyra,2.89362,15,NYU,640,368,1,320,320,1,280.0,161.419998,4.5,140.0,140.0,3.0,332,0,0
84,multicoil_train/file1000191.h5,CORPD_FBK,SIEMENS,Skyra,2.89362,15,NYU,640,368,1,320,320,1,280.0,161.419998,4.5,140.0,140.0,3.0,332,0,0
85,multicoil_train/file1000193.h5,CORPD_FBK,SIEMENS,Skyra,2.89362,15,NYU,640,368,1,320,320,1,280.0,161.419998,4.5,140.0,140.0,3.0,332,0,0
86,multicoil_train/file1000204.h5,CORPDFS_FBK,SIEMENS,Skyra,2.89362,15,HJD,640,368,1,320,320,1,280.0,161.419998,4.5,140.0,140.0,3.0,332,0,0
87,multicoil_train/file1000208.h5,CORPD_FBK,SIEMENS,Skyra,2.89362,15,NYU,640,368,1,320,320,1,280.0,161.419998,4.5,140.0,140.0,3.0,332,0,0
88,multicoil_train/file1000210.h5,CORPDFS_FBK,SIEMENS,Skyra,2.89362,15,NYU,640,368,1,320,320,1,280.0,161.419998,4.5,140.0,140.0,3.0,332,0,0
89,multicoil_train/file1000213.h5,CORPD_FBK,SIEMENS,Skyra,2.89362,15,NYU,640,368,1,320,320,1,300.0,172.949997,4.5,150.0,150.0,3.0,332,0,0
90,multicoil_train/file1000221.h5,CORPDFS_FBK,SIEMENS,Skyra,2.89362,15,NYU,640,368,1,320,320,1,280.0,161.419998,4.5,140.0,140.0,3.0,332,0,0
91,multicoil_train/file1000223.h5,CORPDFS_FBK,SIEMENS,Skyra,2.89362,15,NYU,640,368,1,320,320,1,280.0,161.419998,4.5,140.0,140.0,3.0,332,0,0
92,multicoil_train/file1000224.h5,CORPDFS_FBK,SIEMENS,Skyra,2.89362,15,NYU,640,368,1,320,320,1,280.0,161.419998,4.5,140.0,140.0,3.0,332,0,0
93,multicoil_train/file1000231.h5,CORPDFS_FBK,SIEMENS,Skyra,2.89362,15,NYU,640,368,1,320,320,1,280.0,161.419998,4.5,140.0,140.0,3.0,332,0,0
94,multicoil_train/file1000233.h5,CORPDFS_FBK,SIEMENS,Skyra,2.89362,15,NYU,640,368,1,320,320,1,280.0,161.419998,4.5,140.0,140.0,3.0,332,0,0
95,multicoil_train/file1000236.h5,CORPDFS_FBK,SIEMENS,Skyra,2.89362,15,NYU,640,368,1,320,320,1,280.0,161.419998,4.5,140.0,140.0,3.0,332,0,0
96,multicoil_train/file1000242.h5,CORPDFS_FBK,SIEMENS,Skyra,2.89362,15,NYU,640,368,1,320,320,1,280.0,161.419998,4.5,140.0,140.0,3.0,332,0,0
97,multicoil_train/file1000244.h5,CORPD_FBK,SIEMENS,Skyra,2.89362,15,NYU,640,368,1,320,320,1,280.0,161.419998,4.5,140.0,140.0,3.0,332,0,0
98,multicoil_train/file1000245.h5,CORPD_FBK,SIEMENS,Skyra,2.89362,15,NYU,640,368,1,320,320,1,280.0,161.419998,4.5,140.0,140.0,3.0,332,0,0
99,multicoil_train/file1000249.h5,CORPD_FBK,SIEMENS,Skyra,2.89362,15,NYU,640,368,1,320,320,1,280.0,161.419998,4.5,140.0,140.0,3.0,332,0,0
100,multicoil_train/file1000256.h5,CORPD_FBK,SIEMENS,Skyra,2.89362,15,NYU,640,368,1,320,320,1,280.0,161.419998,4.5,140.0,140.0,3.0,332,0,0
101,multicoil_train/file1000261.h5,CORPD_FBK,SIEMENS,Skyra,2.89362,15,NYU,640,368,1,320,320,1,280.0,161.419998,4.5,140.0,140.0,3.0,332,0,0
102,multicoil_train/file1000289.h5,CORPD_FBK,SIEMENS,Skyra,2.89362,15,NYU,640,368,1,320,320,1,280.0,161.419998,4.5,140.0,140.0,3.0,332,0,0
103,multicoil_train/file1000296.h5,CORPD_FBK,SIEMENS,Skyra,2.89362,15,NYU,640,368,1,320,320,1,280.0,161.419998,4.5,140.0,140.0,3.0,332,0,0
104,multicoil_train/file1000010.h5,CORPD_FBK,SIEMENS,Biograph_mMR,2.89362,15,NYU,640,368,1,320,320,1,280.0,161.419998,4.5,140.0,140.0,3.0,332,0,0
105,multicoil_train/file1000057.h5,CORPDFS_FBK,SIEMENS,Biograph_mMR,2.89362,15,NYU,640,368,1,320,320,1,280.0,161.419998,4.5,140.0,140.0,3.0,332,0,0
106,multicoil_train/file1000089.h5,CORPD_FBK,SIEMENS,Biograph_mMR,2.89362,15,NYU,640,368,1,320,320,1,280.0,161.419998,4.5,140.0,140.0,3.0,332,0,0
107,multicoil_train/file1000090.h5,CORPDFS_FBK,SIEMENS,Biograph_mMR,2.89362,15,NYU,640,368,1,320,320,1,280.0,161.419998,4.5,140.0,140.0,3.0,332,0,0
108,multicoil_train/file1000097.h5,CORPDFS_FBK,SIEMENS,Biograph_mMR,2.89362,15,NYU,640,356,1,320,320,1,280.0,155.53999299999995,4.5,140.0,140.0,3.0,320,0,0
109,multicoil_train/file1000101.h5,CORPD_FBK,SIEMENS,Biograph_mMR,2.89362,15,NYU,640,368,1,320,320,1,280.0,161.419998,4.5,140.0,140.0,3.0,332,0,0
110,multicoil_train/file1000111.h5,CORPD_FBK,SIEMENS,Biograph_mMR,2.89362,15,NYU,640,368,1,320,320,1,280.0,161.419998,4.5,140.0,140.0,3.0,332,0,0
111,multicoil_train/file1000149.h5,CORPD_FBK,SIEMENS,Biograph_mMR,2.89362,15,NYU,640,368,1,320,320,1,280.0,161.419998,4.5,140.0,140.0,3.0,332,0,0
112,multicoil_train/file1000207.h5,CORPDFS_FBK,SIEMENS,Biograph_mMR,2.89362,15,NYU,640,368,1,320,320,1,280.0,161.419998,4.5,140.0,140.0,3.0,332,0,0
113,multicoil_train/file1000211.h5,CORPDFS_FBK,SIEMENS,Biograph_mMR,2.89362,15,NYU,640,368,1,320,320,1,280.0,161.419998,4.5,140.0,140.0,3.0,332,0,0
114,multicoil_train/file1000252.h5,CORPDFS_FBK,SIEMENS,Biograph_mMR,2.89362,15,NYU,640,368,1,320,320,1,280.0,161.419998,4.5,140.0,140.0,3.0,332,0,0
115,multicoil_train/file1000262.h5,CORPD_FBK,SIEMENS,Biograph_mMR,2.89362,15,NYU,640,368,1,320,320,1,280.0,161.419998,4.5,140.0,140.0,3.0,332,0,0
116,multicoil_train/file1000285.h5,CORPDFS_FBK,SIEMENS,Biograph_mMR,2.89362,15,NYU,640,368,1,320,320,1,280.0,161.419998,4.5,140.0,140.0,3.0,332,0,0
117,multicoil_train/file1000326.h5,CORPDFS_FBK,SIEMENS,Biograph_mMR,2.89362,15,NYU,640,368,1,320,320,1,280.0,161.419998,4.5,140.0,140.0,3.0,332,0,0
118,multicoil_train/file1000061.h5,CORPD_FBK,SIEMENS,Prisma_fit,2.89362,15,NYU,640,368,1,320,320,1,280.0,161.419998,4.5,140.0,140.0,3.0,332,0,0
119,multicoil_train/file1000115.h5,CORPDFS_FBK,SIEMENS,Prisma_fit,2.89362,15,NYU,640,368,1,320,320,1,280.0,161.419998,4.5,140.0,140.0,3.0,332,0,0
120,multicoil_train/file1000159.h5,CORPDFS_FBK,SIEMENS,Prisma_fit,2.89362,15,NYU,640,368,1,320,320,1,280.0,161.419998,4.5,140.0,140.0,3.0,332,0,0
121,multicoil_train/file1000181.h5,CORPDFS_FBK,SIEMENS,Prisma_fit,2.89362,15,NYU,640,368,1,320,320,1,280.0,161.419998,4.5,140.0,140.0,3.0,332,0,0
122,multicoil_train/file1000287.h5,CORPD_FBK,SIEMENS,Prisma_fit,2.89362,15,NYU,640,368,1,320,320,1,280.0,161.419998,4.5,140.0,140.0,3.0,332,0,0
123,multicoil_train/file1000002.h5,CORPDFS_FBK,SIEMENS,Skyra,2.89362,15,NYU,640,368,1,320,320,1,280.0,161.419998,4.5,140.0,140.0,3.0,332,0,0
124,multicoil_train/file1000003.h5,CORPD_FBK,SIEMENS,Skyra,2.89362,15,NYU,640,368,1,320,320,1,280.0,161.419998,4.5,140.0,140.0,3.0,332,0,0
125,multicoil_train/file1000021.h5,CORPD_FBK,SIEMENS,Skyra,2.89362,15,NYU,640,368,1,320,320,1,280.0,161.419998,4.5,140.0,140.0,3.0,332,0,0
126,multicoil_train/file1000023.h5,CORPDFS_FBK,SIEMENS,Skyra,2.89362,15,NYU,640,368,1,320,320,1,280.0,161.419998,4.5,140.0,140.0,3.0,332,0,0
127,multicoil_train/file1000027.h5,CORPDFS_FBK,SIEMENS,Skyra,2.89362,15,NYU,640,368,1,320,320,1,280.0,161.419998,4.5,140.0,140.0,3.0,332,0,0
128,multicoil_train/file1000029.h5,CORPDFS_FBK,SIEMENS,Skyra,2.89362,15,NYU,640,368,1,320,320,1,280.0,161.419998,4.5,140.0,140.0,3.0,332,0,0
129,multicoil_train/file1000039.h5,CORPDFS_FBK,SIEMENS,Skyra,2.89362,15,TH,640,368,1,320,320,1,280.0,161.419998,4.5,140.0,140.0,3.0,332,0,0
130,multicoil_train/file1000040.h5,CORPD_FBK,SIEMENS,Skyra,2.89362,15,NYU,640,368,1,320,320,1,280.0,161.419998,4.5,140.0,140.0,3.0,332,0,0
131,multicoil_train/file1000045.h5,CORPD_FBK,SIEMENS,Skyra,2.89362,15,TH,640,368,1,320,320,1,280.0,161.419998,4.5,140.0,140.0,3.0,332,0,0
132,multicoil_train/file1000048.h5,CORPD_FBK,SIEMENS,Skyra,2.89362,15,NYU,640,368,1,320,320,1,280.0,161.419998,4.5,140.0,140.0,3.0,332,0,0
133,multicoil_train/file1000058.h5,CORPD_FBK,SIEMENS,Skyra,2.89362,15,NYU,640,368,1,320,320,1,280.0,161.419998,4.5,140.0,140.0,3.0,332,0,0
134,multicoil_train/file1000059.h5,CORPDFS_FBK,SIEMENS,Skyra,2.89362,15,HJD,640,368,1,320,320,1,280.0,161.419998,4.5,140.0,140.0,3.0,332,0,0
135,multicoil_train/file1000064.h5,CORPDFS_FBK,SIEMENS,Skyra,2.89362,15,NYU,640,368,1,320,320,1,280.0,161.419998,4.5,140.0,140.0,3.0,332,0,0
136,multicoil_train/file1000065.h5,CORPDFS_FBK,SIEMENS,Skyra,2.89362,15,NYU,640,368,1,320,320,1,280.0,161.419998,4.5,140.0,140.0,3.0,332,0,0
137,multicoil_train/file1000066.h5,CORPDFS_FBK,SIEMENS,Skyra,2.89362,15,NYU,640,368,1,320,320,1,280.0,161.419998,4.5,140.0,140.0,3.0,332,0,0
138,multicoil_train/file1000069.h5,CORPD_FBK,SIEMENS,Skyra,2.89362,15,HJD,640,368,1,320,320,1,280.0,161.419998,4.5,140.0,140.0,3.0,332,0,0
139,multicoil_train/file1000094.h5,CORPDFS_FBK,SIEMENS,Skyra,2.89362,15,NYU,640,368,1,320,320,1,280.0,161.419998,4.5,140.0,140.0,3.0,332,0,0
140,multicoil_train/file1000098.h5,CORPD_FBK,SIEMENS,Skyra,2.89362,15,NYU,640,368,1,320,320,1,280.0,161.419998,4.5,140.0,140.0,3.0,332,0,0
141,multicoil_train/file1000100.h5,CORPDFS_FBK,SIEMENS,Skyra,2.89362,15,NYU,640,368,1,320,320,1,300.0,172.949997,4.5,150.0,150.0,3.0,332,0,0
142,multicoil_train/file1000116.h5,CORPD_FBK,SIEMENS,Skyra,2.89362,15,NYU,640,368,1,320,320,1,300.0,172.949997,4.5,150.0,150.0,3.0,332,0,0
143,multicoil_train/file1000120.h5,CORPDFS_FBK,SIEMENS,Skyra,2.89362,15,NYU,640,368,1,320,320,1,280.0,161.419998,4.5,140.0,140.0,3.0,332,0,0
144,multicoil_train/file1000125.h5,CORPDFS_FBK,SIEMENS,Skyra,2.89362,15,NYU,640,368,1,320,320,1,280.0,161.419998,4.5,140.0,140.0,3.0,332,0,0
145,multicoil_train/file1000127.h5,CORPDFS_FBK,SIEMENS,Skyra,2.89362,15,NYU,640,368,1,320,320,1,280.0,161.419998,4.5,140.0,140.0,3.0,332,0,0
146,multicoil_train/file1000131.h5,CORPD_FBK,SIEMENS,Skyra,2.89362,15,NYU,640,368,1,320,320,1,280.0,161.419998,4.5,140.0,140.0,3.0,332,0,0
147,multicoil_train/file1000138.h5,CORPDFS_FBK,SIEMENS,Skyra,2.89362,15,HJD,640,368,1,320,320,1,280.0,161.419998,4.5,140.0,140.0,3.0,332,0,0
148,multicoil_train/file1000148.h5,CORPDFS_FBK,SIEMENS,Skyra,2.89362,15,NYU,640,368,1,320,320,1,280.0,161.419998,4.5,140.0,140.0,3.0,332,0,0
149,multicoil_train/file1000161.h5,CORPDFS_FBK,SIEMENS,Skyra,2.89362,15,NYU,640,368,1,320,320,1,280.0,161.419998,4.5,140.0,140.0,3.0,332,0,0
150,multicoil_train/file1000170.h5,CORPD_FBK,SIEMENS,Skyra,2.89362,15,NYU,640,368,1,320,320,1,280.0,161.419998,4.5,140.0,140.0,3.0,332,0,0
151,multicoil_train/file1000173.h5,CORPDFS_FBK,SIEMENS,Skyra,2.89362,15,NYU,640,368,1,320,320,1,280.0,161.419998,4.5,140.0,140.0,3.0,332,0,0
152,multicoil_train/file1000177.h5,CORPDFS_FBK,SIEMENS,Skyra,2.89362,15,NYU,640,368,1,320,320,1,280.0,161.419998,4.5,140.0,140.0,3.0,332,0,0
153,multicoil_train/file1000180.h5,CORPD_FBK,SIEMENS,Skyra,2.89362,15,NYU,640,368,1,320,320,1,280.0,161.419998,4.5,140.0,140.0,3.0,332,0,0
154,multicoil_train/file1000188.h5,CORPD_FBK,SIEMENS,Skyra,2.89362,15,NYU,640,368,1,320,320,1,280.0,161.419998,4.5,140.0,140.0,3.0,332,0,0
155,multicoil_train/file1000191.h5,CORPD_FBK,SIEMENS,Skyra,2.89362,15,NYU,640,368,1,320,320,1,280.0,161.419998,4.5,140.0,140.0,3.0,332,0,0
156,multicoil_train/file1000193.h5,CORPD_FBK,SIEMENS,Skyra,2.89362,15,NYU,640,368,1,320,320,1,280.0,161.419998,4.5,140.0,140.0,3.0,332,0,0
157,multicoil_train/file1000204.h5,CORPDFS_FBK,SIEMENS,Skyra,2.89362,15,HJD,640,368,1,320,320,1,280.0,161.419998,4.5,140.0,140.0,3.0,332,0,0
158,multicoil_train/file1000208.h5,CORPD_FBK,SIEMENS,Skyra,2.89362,15,NYU,640,368,1,320,320,1,280.0,161.419998,4.5,140.0,140.0,3.0,332,0,0
159,multicoil_train/file1000210.h5,CORPDFS_FBK,SIEMENS,Skyra,2.89362,15,NYU,640,368,1,320,320,1,280.0,161.419998,4.5,140.0,140.0,3.0,332,0,0
160,multicoil_train/file1000213.h5,CORPD_FBK,SIEMENS,Skyra,2.89362,15,NYU,640,368,1,320,320,1,300.0,172.949997,4.5,150.0,150.0,3.0,332,0,0
161,multicoil_train/file1000221.h5,CORPDFS_FBK,SIEMENS,Skyra,2.89362,15,NYU,640,368,1,320,320,1,280.0,161.419998,4.5,140.0,140.0,3.0,332,0,0
162,multicoil_train/file1000223.h5,CORPDFS_FBK,SIEMENS,Skyra,2.89362,15,NYU,640,368,1,320,320,1,280.0,161.419998,4.5,140.0,140.0,3.0,332,0,0
163,multicoil_train/file1000224.h5,CORPDFS_FBK,SIEMENS,Skyra,2.89362,15,NYU,640,368,1,320,320,1,280.0,161.419998,4.5,140.0,140.0,3.0,332,0,0
164,multicoil_train/file1000231.h5,CORPDFS_FBK,SIEMENS,Skyra,2.89362,15,NYU,640,368,1,320,320,1,280.0,161.419998,4.5,140.0,140.0,3.0,332,0,0
165,multicoil_train/file1000233.h5,CORPDFS_FBK,SIEMENS,Skyra,2.89362,15,NYU,640,368,1,320,320,1,280.0,161.419998,4.5,140.0,140.0,3.0,332,0,0
166,multicoil_train/file1000236.h5,CORPDFS_FBK,SIEMENS,Skyra,2.89362,15,NYU,640,368,1,320,320,1,280.0,161.419998,4.5,140.0,140.0,3.0,332,0,0
167,multicoil_train/file1000242.h5,CORPDFS_FBK,SIEMENS,Skyra,2.89362,15,NYU,640,368,1,320,320,1,280.0,161.419998,4.5,140.0,140.0,3.0,332,0,0
168,multicoil_train/file1000244.h5,CORPD_FBK,SIEMENS,Skyra,2.89362,15,NYU,640,368,1,320,320,1,280.0,161.419998,4.5,140.0,140.0,3.0,332,0,0
169,multicoil_train/file1000245.h5,CORPD_FBK,SIEMENS,Skyra,2.89362,15,NYU,640,368,1,320,320,1,280.0,161.419998,4.5,140.0,140.0,3.0,332,0,0
170,multicoil_train/file1000249.h5,CORPD_FBK,SIEMENS,Skyra,2.89362,15,NYU,640,368,1,320,320,1,280.0,161.419998,4.5,140.0,140.0,3.0,332,0,0
171,multicoil_train/file1000256.h5,CORPD_FBK,SIEMENS,Skyra,2.89362,15,NYU,640,368,1,320,320,1,280.0,161.419998,4.5,140.0,140.0,3.0,332,0,0
172,multicoil_train/file1000261.h5,CORPD_FBK,SIEMENS,Skyra,2.89362,15,NYU,640,368,1,320,320,1,280.0,161.419998,4.5,140.0,140.0,3.0,332,0,0
173,multicoil_train/file1000289.h5,CORPD_FBK,SIEMENS,Skyra,2.89362,15,NYU,640,368,1,320,320,1,280.0,161.419998,4.5,140.0,140.0,3.0,332,0,0
174,multicoil_train/file1000296.h5,CORPD_FBK,SIEMENS,Skyra,2.89362,15,NYU,640,368,1,320,320,1,280.0,161.419998,4.5,140.0,140.0,3.0,332,0,0
175,multicoil_train/file1000005.h5,CORPD_FBK,SIEMENS,Aera,1.494,15,NYU,640,372,1,320,320,1,280.0,162.820007,4.5,140.0,140.0,3.0,335,0,0
176,multicoil_train/file1000012.h5,CORPD_FBK,SIEMENS,Aera,1.494,15,NYU,640,372,1,320,320,1,280.0,162.820007,4.5,140.0,140.0,3.0,335,0,0
177,multicoil_train/file1000015.h5,CORPDFS_FBK,SIEMENS,Aera,1.494,15,NYU,640,372,1,320,320,1,280.0,162.820007,4.5,140.0,140.0,3.0,335,0,0
178,multicoil_train/file1000032.h5,CORPD_FBK,SIEMENS,Aera,1.494,15,NYU,640,372,1,320,320,1,280.0,162.820007,4.5,140.0,140.0,3.0,335,0,0
179,multicoil_train/file1000043.h5,CORPD_FBK,SIEMENS,Aera,1.494,15,NYU,640,372,1,320,320,1,280.0,162.820007,4.5,140.0,140.0,3.0,335,0,0
180,multicoil_train/file1000053.h5,CORPDFS_FBK,SIEMENS,Aera,1.494,15,NYU,640,372,1,320,320,1,280.0,162.820007,4.5,140.0,140.0,3.0,335,0,0
181,multicoil_train/file1000060.h5,CORPDFS_FBK,SIEMENS,Aera,1.494,15,NYU,640,372,1,320,320,1,280.0,162.820007,4.5,140.0,140.0,3.0,335,0,0
182,multicoil_train/file1000070.h5,CORPDFS_FBK,SIEMENS,Aera,1.494,15,NYU,640,372,1,320,320,1,280.0,162.820007,4.5,140.0,140.0,3.0,335,0,0
183,multicoil_train/file1000075.h5,CORPD_FBK,SIEMENS,Aera,1.494,15,NYU,640,372,1,320,320,1,280.0,162.820007,4.5,140.0,140.0,3.0,335,0,0
184,multicoil_train/file1000084.h5,CORPD_FBK,SIEMENS,Aera,1.494,15,NYU,640,372,1,320,320,1,280.0,162.820007,4.5,140.0,140.0,3.0,335,0,0
185,multicoil_train/file1000085.h5,CORPDFS_FBK,SIEMENS,Aera,1.494,15,HJD,640,372,1,320,320,1,280.0,162.820007,4.5,140.0,140.0,3.0,335,0,0
186,multicoil_train/file1000086.h5,CORPD_FBK,SIEMENS,Aera,1.494,15,NYU,640,372,1,320,320,1,280.0,162.820007,4.5,140.0,140.0,3.0,335,0,0
187,multicoil_train/file1000088.h5,CORPDFS_FBK,SIEMENS,Aera,1.494,15,HJD,640,372,1,320,320,1,280.0,162.820007,4.5,140.0,140.0,3.0,335,0,0
188,multicoil_train/file1000109.h5,CORPD_FBK,SIEMENS,Aera,1.494,15,NYU,640,372,1,320,320,1,280.0,162.820007,4.5,140.0,140.0,3.0,335,0,0
189,multicoil_train/file1000117.h5,CORPD_FBK,SIEMENS,Aera,1.494,15,NYU,640,372,1,320,320,1,280.0,162.820007,4.5,140.0,140.0,3.0,335,0,0
190,multicoil_train/file1000123.h5,CORPDFS_FBK,SIEMENS,Aera,1.494,15,HJD,640,372,1,320,320,1,280.0,162.820007,4.5,140.0,140.0,3.0,335,0,0
191,multicoil_train/file1000129.h5,CORPDFS_FBK,SIEMENS,Aera,1.494,15,NYU,640,372,1,320,320,1,280.0,162.820007,4.5,140.0,140.0,3.0,335,0,0
192,multicoil_train/file1000141.h5,CORPD_FBK,SIEMENS,Aera,1.494,15,NYU,640,372,1,320,320,1,280.0,162.820007,4.5,140.0,140.0,3.0,335,0,0
193,multicoil_train/file1000142.h5,CORPDFS_FBK,SIEMENS,Aera,1.494,15,NYU,640,372,1,320,320,1,280.0,162.820007,4.5,140.0,140.0,3.0,335,0,0
194,multicoil_train/file1000143.h5,CORPDFS_FBK,SIEMENS,Aera,1.494,15,NYU,640,372,1,320,320,1,280.0,162.820007,4.5,140.0,140.0,3.0,335,0,0
195,multicoil_train/file1000154.h5,CORPDFS_FBK,SIEMENS,Aera,1.494,15,NYU,640,372,1,320,320,1,280.0,162.820007,4.5,140.0,140.0,3.0,335,0,0
196,multicoil_train/file1000167.h5,CORPDFS_FBK,SIEMENS,Aera,1.494,15,NYU,640,372,1,320,320,1,280.0,162.820007,4.5,140.0,140.0,3.0,335,0,0
197,multicoil_train/file1000172.h5,CORPD_FBK,SIEMENS,Aera,1.494,15,NYU,640,372,1,320,320,1,280.0,162.820007,4.5,140.0,140.0,3.0,335,0,0
198,multicoil_train/file1000176.h5,CORPD_FBK,SIEMENS,Aera,1.494,15,NYU,640,372,1,320,320,1,280.0,162.820007,4.5,140.0,140.0,3.0,335,0,0
199,multicoil_train/file1000179.h5,CORPDFS_FBK,SIEMENS,Aera,1.494,15,NYU,640,372,1,320,320,1,280.0,162.820007,4.5,140.0,140.0,3.0,335,0,0
200,multicoil_train/file1000185.h5,CORPD_FBK,SIEMENS,Aera,1.494,15,NYU,640,372,1,320,320,1,280.0,162.820007,4.5,140.0,140.0,3.0,335,0,0
201,multicoil_train/file1000195.h5,CORPD_FBK,SIEMENS,Aera,1.494,15,NYU,640,372,1,320,320,1,280.0,162.820007,4.5,140.0,140.0,3.0,335,0,0
202,multicoil_train/file1000198.h5,CORPDFS_FBK,SIEMENS,Aera,1.494,15,NYU,640,372,1,320,320,1,280.0,162.820007,4.5,140.0,140.0,3.0,335,0,0
203,multicoil_train/file1000199.h5,CORPD_FBK,SIEMENS,Aera,1.494,15,NYU,640,372,1,320,320,1,280.0,162.820007,4.5,140.0,140.0,3.0,335,0,0
204,multicoil_train/file1000200.h5,CORPD_FBK,SIEMENS,Aera,1.494,15,NYU,640,372,1,320,320,1,280.0,162.820007,4.5,140.0,140.0,3.0,335,0,0
205,multicoil_train/file1000205.h5,CORPDFS_FBK,SIEMENS,Aera,1.494,15,NYU,640,372,1,320,320,1,280.0,162.820007,4.5,140.0,140.0,3.0,335,0,0
206,multicoil_train/file1000222.h5,CORPD_FBK,SIEMENS,Aera,1.494,15,HJD,640,372,1,320,320,1,280.0,162.820007,4.5,140.0,140.0,3.0,335,0,0
207,multicoil_train/file1000225.h5,CORPDFS_FBK,SIEMENS,Aera,1.494,15,NYU,640,372,1,320,320,1,280.0,162.820007,4.5,140.0,140.0,3.0,335,0,0
208,multicoil_train/file1000237.h5,CORPDFS_FBK,SIEMENS,Aera,1.494,15,NYU,640,372,1,320,320,1,280.0,162.820007,4.5,140.0,140.0,3.0,335,0,0
209,multicoil_train/file1000246.h5,CORPDFS_FBK,SIEMENS,Aera,1.494,15,NYU,640,322,1,320,320,1,280.0,140.979996,4.5,140.0,140.0,3.0,290,0,0
210,multicoil_train/file1000248.h5,CORPDFS_FBK,SIEMENS,Aera,1.494,15,HJD,640,372,1,320,320,1,280.0,162.820007,4.5,140.0,140.0,3.0,335,0,0
211,multicoil_train/file1000250.h5,CORPDFS_FBK,SIEMENS,Aera,1.494,15,NYU,640,372,1,320,320,1,280.0,162.820007,4.5,140.0,140.0,3.0,335,0,0
212,multicoil_train/file1000257.h5,CORPD_FBK,SIEMENS,Aera,1.494,15,NYU,640,372,1,320,320,1,280.0,162.820007,4.5,140.0,140.0,3.0,335,0,0
213,multicoil_train/file1000259.h5,CORPD_FBK,SIEMENS,Aera,1.494,15,NYU,640,372,1,320,320,1,280.0,162.820007,4.5,140.0,140.0,3.0,335,0,0
214,multicoil_train/file1000265.h5,CORPD_FBK,SIEMENS,Aera,1.494,15,HJD,640,372,1,320,320,1,280.0,162.820007,4.5,140.0,140.0,3.0,335,0,0
215,multicoil_train/file1000275.h5,CORPDFS_FBK,SIEMENS,Aera,1.494,15,NYU,640,372,1,320,320,1,280.0,162.820007,4.5,140.0,140.0,3.0,335,0,0
216,multicoil_train/file1000284.h5,CORPD_FBK,SIEMENS,Aera,1.494,15,NYU,640,372,1,320,320,1,280.0,162.820007,4.5,140.0,140.0,3.0,335,0,0
217,multicoil_train/file1000290.h5,CORPD_FBK,SIEMENS,Aera,1.494,15,NYU,640,372,1,320,320,1,280.0,162.820007,4.5,140.0,140.0,3.0,335,0,0
218,multicoil_train/file1000300.h5,CORPD_FBK,SIEMENS,Aera,1.494,15,NYU,640,372,1,320,320,1,280.0,162.820007,4.5,140.0,140.0,3.0,335,0,0
219,multicoil_train/file1000301.h5,CORPD_FBK,SIEMENS,Aera,1.494,15,NYU,640,372,1,320,320,1,280.0,162.820007,4.5,140.0,140.0,3.0,335,0,0
220,multicoil_train/file1000311.h5,CORPDFS_FBK,SIEMENS,Aera,1.494,15,NYU,640,322,1,320,320,1,280.0,140.979996,4.5,140.0,140.0,3.0,290,0,0
221,multicoil_train/file1000315.h5,CORPD_FBK,SIEMENS,Aera,1.494,15,NYU,640,372,1,320,320,1,280.0,162.820007,4.5,140.0,140.0,3.0,335,0,0
222,multicoil_train/file1000317.h5,CORPDFS_FBK,SIEMENS,Aera,1.494,15,NYU,640,372,1,320,320,1,280.0,162.820007,4.5,140.0,140.0,3.0,335,0,0
223,multicoil_train/file1000335.h5,CORPD_FBK,SIEMENS,Aera,1.494,15,NYU,640,372,1,320,320,1,280.0,162.820007,4.5,140.0,140.0,3.0,335,0,0
224,multicoil_train/file1000338.h5,CORPDFS_FBK,SIEMENS,Aera,1.494,15,NYU,640,372,1,320,320,1,280.0,162.820007,4.5,140.0,140.0,3.0,335,0,0
225,multicoil_train/file1000340.h5,CORPDFS_FBK,SIEMENS,Aera,1.494,15,HJD,640,372,1,320,320,1,280.0,162.820007,4.5,140.0,140.0,3.0,335,0,0
226,multicoil_train/file1000010.h5,CORPD_FBK,SIEMENS,Biograph_mMR,2.89362,15,NYU,640,368,1,320,320,1,280.0,161.419998,4.5,140.0,140.0,3.0,332,0,0
227,multicoil_train/file1000057.h5,CORPDFS_FBK,SIEMENS,Biograph_mMR,2.89362,15,NYU,640,368,1,320,320,1,280.0,161.419998,4.5,140.0,140.0,3.0,332,0,0
228,multicoil_train/file1000089.h5,CORPD_FBK,SIEMENS,Biograph_mMR,2.89362,15,NYU,640,368,1,320,320,1,280.0,161.419998,4.5,140.0,140.0,3.0,332,0,0
229,multicoil_train/file1000090.h5,CORPDFS_FBK,SIEMENS,Biograph_mMR,2.89362,15,NYU,640,368,1,320,320,1,280.0,161.419998,4.5,140.0,140.0,3.0,332,0,0
230,multicoil_train/file1000097.h5,CORPDFS_FBK,SIEMENS,Biograph_mMR,2.89362,15,NYU,640,356,1,320,320,1,280.0,155.53999299999995,4.5,140.0,140.0,3.0,320,0,0
231,multicoil_train/file1000101.h5,CORPD_FBK,SIEMENS,Biograph_mMR,2.89362,15,NYU,640,368,1,320,320,1,280.0,161.419998,4.5,140.0,140.0,3.0,332,0,0
232,multicoil_train/file1000111.h5,CORPD_FBK,SIEMENS,Biograph_mMR,2.89362,15,NYU,640,368,1,320,320,1,280.0,161.419998,4.5,140.0,140.0,3.0,332,0,0
233,multicoil_train/file1000149.h5,CORPD_FBK,SIEMENS,Biograph_mMR,2.89362,15,NYU,640,368,1,320,320,1,280.0,161.419998,4.5,140.0,140.0,3.0,332,0,0
234,multicoil_train/file1000207.h5,CORPDFS_FBK,SIEMENS,Biograph_mMR,2.89362,15,NYU,640,368,1,320,320,1,280.0,161.419998,4.5,140.0,140.0,3.0,332,0,0
235,multicoil_train/file1000211.h5,CORPDFS_FBK,SIEMENS,Biograph_mMR,2.89362,15,NYU,640,368,1,320,320,1,280.0,161.419998,4.5,140.0,140.0,3.0,332,0,0
236,multicoil_train/file1000252.h5,CORPDFS_FBK,SIEMENS,Biograph_mMR,2.89362,15,NYU,640,368,1,320,320,1,280.0,161.419998,4.5,140.0,140.0,3.0,332,0,0
237,multicoil_train/file1000262.h5,CORPD_FBK,SIEMENS,Biograph_mMR,2.89362,15,NYU,640,368,1,320,320,1,280.0,161.419998,4.5,140.0,140.0,3.0,332,0,0
238,multicoil_train/file1000061.h5,CORPD_FBK,SIEMENS,Prisma_fit,2.89362,15,NYU,640,368,1,320,320,1,280.0,161.419998,4.5,140.0,140.0,3.0,332,0,0
239,multicoil_train/file1000115.h5,CORPDFS_FBK,SIEMENS,Prisma_fit,2.89362,15,NYU,640,368,1,320,320,1,280.0,161.419998,4.5,140.0,140.0,3.0,332,0,0
240,multicoil_train/file1000159.h5,CORPDFS_FBK,SIEMENS,Prisma_fit,2.89362,15,NYU,640,368,1,320,320,1,280.0,161.419998,4.5,140.0,140.0,3.0,332,0,0
241,multicoil_train/file1000181.h5,CORPDFS_FBK,SIEMENS,Prisma_fit,2.89362,15,NYU,640,368,1,320,320,1,280.0,161.419998,4.5,140.0,140.0,3.0,332,0,0
242,multicoil_train/file1000287.h5,CORPD_FBK,SIEMENS,Prisma_fit,2.89362,15,NYU,640,368,1,320,320,1,280.0,161.419998,4.5,140.0,140.0,3.0,332,0,0
243,multicoil_train/file1000371.h5,CORPD_FBK,SIEMENS,Prisma_fit,2.89362,15,NYU,640,368,1,320,320,1,280.0,161.419998,4.5,140.0,140.0,3.0,332,0,0
