,filename,acquisition,systemVendor,systemModel,systemFieldStrength_T,receiverChannels,institutionName,enc_x,enc_y,enc_z,rec_x,rec_y,rec_z,enc_x_mm,enc_y_mm,enc_z_mm,rec_x_mm,rec_y_mm,rec_z_mm,nPE,acc,num_low_freq,TR,TE,TI,flipAngle_deg,sequence_type,echo_spacing,slices_min,slices_max,patch_ny,offset_y
0,knee/data_reduced/multicoil_train/file1000001.h5,CORPDFS_FBK,SIEMENS,Aera,1.494,15,NYU,640,372,1,320,320,1,280.0,162.820007,4.5,140.0,140.0,3.0,335,0,0,3150.0,33.0,100.0,150.0,TurboSpinEcho,10.9,5,-1,96,0
1,knee/data_reduced/multicoil_train/file1000015.h5,CORPDFS_FBK,SIEMENS,Aera,1.494,15,NYU,640,372,1,320,320,1,280.0,162.820007,4.5,140.0,140.0,3.0,335,0,0,3150.0,33.0,100.0,150.0,TurboSpinEcho,10.9,5,-1,96,0
2,knee/data_reduced/multicoil_train/file1000053.h5,CORPDFS_FBK,SIEMENS,Aera,1.494,15,NYU,640,372,1,320,320,1,280.0,162.820007,4.5,140.0,140.0,3.0,335,0,0,3000.0,33.0,100.0,150.0,TurboSpinEcho,10.9,5,-1,96,0
3,knee/data_reduced/multicoil_train/file1000060.h5,CORPDFS_FBK,SIEMENS,Aera,1.494,15,NYU,640,372,1,320,320,1,280.0,162.820007,4.5,140.0,140.0,3.0,335,0,0,3000.0,33.0,100.0,150.0,TurboSpinEcho,10.9,5,-1,96,0
4,knee/data_reduced/multicoil_train/file1000070.h5,CORPDFS_FBK,SIEMENS,Aera,1.494,15,NYU,640,372,1,320,320,1,280.0,162.820007,4.5,140.0,140.0,3.0,335,0,0,3150.0,33.0,100.0,150.0,TurboSpinEcho,10.9,5,-1,96,0
5,knee/data_reduced/multicoil_train/file1000081.h5,CORPDFS_FBK,SIEMENS,Aera,1.494,15,NYU,640,372,1,320,320,1,280.0,162.820007,4.5,140.0,140.0,3.0,335,0,0,3000.0,33.0,100.0,150.0,TurboSpinEcho,10.9,5,-1,96,0
6,knee/data_reduced/multicoil_train/file1000085.h5,CORPDFS_FBK,SIEMENS,Aera,1.494,15,HJD,640,372,1,320,320,1,280.0,162.820007,4.5,140.0,140.0,3.0,335,0,0,3930.0,33.0,100.0,150.0,TurboSpinEcho,10.9,5,-1,96,0
7,knee/data_reduced/multicoil_train/file1000088.h5,CORPDFS_FBK,SIEMENS,Aera,1.494,15,HJD,640,372,1,320,320,1,280.0,162.820007,4.5,140.0,140.0,3.0,335,0,0,3060.0,33.0,100.0,150.0,TurboSpinEcho,10.9,5,-1,96,0
8,knee/data_reduced/multicoil_train/file1000123.h5,CORPDFS_FBK,SIEMENS,Aera,1.494,15,HJD,640,372,1,320,320,1,280.0,162.820007,4.5,140.0,140.0,3.0,335,0,0,3000.0,33.0,100.0,150.0,TurboSpinEcho,10.9,5,-1,96,0
9,knee/data_reduced/multicoil_train/file1000129.h5,CORPDFS_FBK,SIEMENS,Aera,1.494,15,NYU,640,372,1,320,320,1,280.0,162.820007,4.5,140.0,140.0,3.0,335,0,0,3000.0,33.0,100.0,150.0,TurboSpinEcho,10.9,5,-1,96,0
10,knee/data_reduced/multicoil_train/file1000142.h5,CORPDFS_FBK,SIEMENS,Aera,1.494,15,NYU,640,372,1,320,320,1,280.0,162.820007,4.5,140.0,140.0,3.0,335,0,0,3000.0,33.0,100.0,150.0,TurboSpinEcho,10.9,5,-1,96,0
11,knee/data_reduced/multicoil_train/file1000143.h5,CORPDFS_FBK,SIEMENS,Aera,1.494,15,NYU,640,372,1,320,320,1,280.0,162.820007,4.5,140.0,140.0,3.0,335,0,0,3000.0,33.0,100.0,150.0,TurboSpinEcho,10.9,5,-1,96,0
12,knee/data_reduced/multicoil_train/file1000154.h5,CORPDFS_FBK,SIEMENS,Aera,1.494,15,NYU,640,372,1,320,320,1,280.0,162.820007,4.5,140.0,140.0,3.0,335,0,0,3000.0,33.0,100.0,150.0,TurboSpinEcho,10.9,5,-1,96,0
13,knee/data_reduced/multicoil_train/file1000167.h5,CORPDFS_FBK,SIEMENS,Aera,1.494,15,NYU,640,372,1,320,320,1,280.0,162.820007,4.5,140.0,140.0,3.0,335,0,0,3000.0,33.0,100.0,150.0,TurboSpinEcho,10.9,5,-1,96,0
14,knee/data_reduced/multicoil_train/file1000179.h5,CORPDFS_FBK,SIEMENS,Aera,1.494,15,NYU,640,372,1,320,320,1,280.0,162.820007,4.5,140.0,140.0,3.0,335,0,0,3240.0,33.0,100.0,150.0,TurboSpinEcho,10.9,5,-1,96,0
15,knee/data_reduced/multicoil_train/file1000198.h5,CORPDFS_FBK,SIEMENS,Aera,1.494,15,NYU,640,372,1,320,320,1,280.0,162.820007,4.5,140.0,140.0,3.0,335,0,0,3670.0,33.0,100.0,150.0,TurboSpinEcho,10.9,5,-1,96,0
16,knee/data_reduced/multicoil_train/file1000205.h5,CORPDFS_FBK,SIEMENS,Aera,1.494,15,NYU,640,372,1,320,320,1,280.0,162.820007,4.5,140.0,140.0,3.0,335,0,0,3000.0,33.0,100.0,150.0,TurboSpinEcho,10.9,5,-1,96,0
17,knee/data_reduced/multicoil_train/file1000002.h5,CORPDFS_FBK,SIEMENS,Skyra,2.89362,15,NYU,640,368,1,320,320,1,280.0,161.419998,4.5,140.0,140.0,3.0,332,0,0,2870.0,33.0,100.0,140.0,TurboSpinEcho,10.96,5,-1,96,0
18,knee/data_reduced/multicoil_train/file1000023.h5,CORPDFS_FBK,SIEMENS,Skyra,2.89362,15,NYU,640,368,1,320,320,1,280.0,161.419998,4.5,140.0,140.0,3.0,332,0,0,2870.0,33.0,100.0,140.0,TurboSpinEcho,10.96,5,-1,96,0
19,knee/data_reduced/multicoil_train/file1000027.h5,CORPDFS_FBK,SIEMENS,Skyra,2.89362,15,NYU,640,368,1,320,320,1,280.0,161.419998,4.5,140.0,140.0,3.0,332,0,0,2870.0,33.0,100.0,140.0,TurboSpinEcho,10.96,5,-1,96,0
20,knee/data_reduced/multicoil_train/file1000029.h5,CORPDFS_FBK,SIEMENS,Skyra,2.89362,15,NYU,640,368,1,320,320,1,280.0,161.419998,4.5,140.0,140.0,3.0,332,0,0,2870.0,33.0,100.0,140.0,TurboSpinEcho,10.96,5,-1,96,0
21,knee/data_reduced/multicoil_train/file1000039.h5,CORPDFS_FBK,SIEMENS,Skyra,2.89362,15,TH,640,368,1,320,320,1,280.0,161.419998,4.5,140.0,140.0,3.0,332,0,0,2870.0,33.0,100.0,140.0,TurboSpinEcho,10.96,5,-1,96,0
22,knee/data_reduced/multicoil_train/file1000059.h5,CORPDFS_FBK,SIEMENS,Skyra,2.89362,15,HJD,640,368,1,320,320,1,280.0,161.419998,4.5,140.0,140.0,3.0,332,0,0,2870.0,33.0,100.0,140.0,TurboSpinEcho,10.96,5,-1,96,0
23,knee/data_reduced/multicoil_train/file1000064.h5,CORPDFS_FBK,SIEMENS,Skyra,2.89362,15,NYU,640,368,1,320,320,1,280.0,161.419998,4.5,140.0,140.0,3.0,332,0,0,2870.0,33.0,100.0,140.0,TurboSpinEcho,10.96,5,-1,96,0
24,knee/data_reduced/multicoil_train/file1000065.h5,CORPDFS_FBK,SIEMENS,Skyra,2.89362,15,NYU,640,368,1,320,320,1,280.0,161.419998,4.5,140.0,140.0,3.0,332,0,0,2870.0,33.0,100.0,140.0,TurboSpinEcho,10.96,5,-1,96,0
25,knee/data_reduced/multicoil_train/file1000066.h5,CORPDFS_FBK,SIEMENS,Skyra,2.89362,15,NYU,640,368,1,320,320,1,280.0,161.419998,4.5,140.0,140.0,3.0,332,0,0,2870.0,33.0,100.0,140.0,TurboSpinEcho,10.96,5,-1,96,0
26,knee/data_reduced/multicoil_train/file1000094.h5,CORPDFS_FBK,SIEMENS,Skyra,2.89362,15,NYU,640,368,1,320,320,1,280.0,161.419998,4.5,140.0,140.0,3.0,332,0,0,2870.0,33.0,100.0,140.0,TurboSpinEcho,10.96,5,-1,96,0
27,knee/data_reduced/multicoil_train/file1000100.h5,CORPDFS_FBK,SIEMENS,Skyra,2.89362,15,NYU,640,368,1,320,320,1,300.0,172.949997,4.5,150.0,150.0,3.0,332,0,0,3120.0,33.0,100.0,140.0,TurboSpinEcho,10.96,5,-1,96,0
28,knee/data_reduced/multicoil_train/file1000120.h5,CORPDFS_FBK,SIEMENS,Skyra,2.89362,15,NYU,640,368,1,320,320,1,280.0,161.419998,4.5,140.0,140.0,3.0,332,0,0,2900.0,33.0,100.0,140.0,TurboSpinEcho,10.96,5,-1,96,0
29,knee/data_reduced/multicoil_train/file1000125.h5,CORPDFS_FBK,SIEMENS,Skyra,2.89362,15,NYU,640,368,1,320,320,1,280.0,161.419998,4.5,140.0,140.0,3.0,332,0,0,3120.0,33.0,100.0,140.0,TurboSpinEcho,10.96,5,-1,96,0
30,knee/data_reduced/multicoil_train/file1000127.h5,CORPDFS_FBK,SIEMENS,Skyra,2.89362,15,NYU,640,368,1,320,320,1,280.0,161.419998,4.5,140.0,140.0,3.0,332,0,0,2870.0,33.0,100.0,140.0,TurboSpinEcho,10.96,5,-1,96,0
31,knee/data_reduced/multicoil_train/file1000138.h5,CORPDFS_FBK,SIEMENS,Skyra,2.89362,15,HJD,640,368,1,320,320,1,280.0,161.419998,4.5,140.0,140.0,3.0,332,0,0,2870.0,33.0,100.0,140.0,TurboSpinEcho,10.96,5,-1,96,0
32,knee/data_reduced/multicoil_train/file1000148.h5,CORPDFS_FBK,SIEMENS,Skyra,2.89362,15,NYU,640,368,1,320,320,1,280.0,161.419998,4.5,140.0,140.0,3.0,332,0,0,2900.0,33.0,100.0,140.0,TurboSpinEcho,10.96,5,-1,96,0
33,knee/data_reduced/multicoil_train/file1000161.h5,CORPDFS_FBK,SIEMENS,Skyra,2.89362,15,NYU,640,368,1,320,320,1,280.0,161.419998,4.5,140.0,140.0,3.0,332,0,0,2870.0,33.0,100.0,140.0,TurboSpinEcho,10.96,5,-1,96,0
34,knee/data_reduced/multicoil_train/file1000057.h5,CORPDFS_FBK,SIEMENS,Biograph_mMR,2.89362,15,NYU,640,368,1,320,320,1,280.0,161.419998,4.5,140.0,140.0,3.0,332,0,0,3270.0,33.0,100.0,140.0,TurboSpinEcho,10.96,5,-1,96,0
35,knee/data_reduced/multicoil_train/file1000090.h5,CORPDFS_FBK,SIEMENS,Biograph_mMR,2.89362,15,NYU,640,368,1,320,320,1,280.0,161.419998,4.5,140.0,140.0,3.0,332,0,0,3040.0,33.0,100.0,140.0,TurboSpinEcho,10.96,5,-1,96,0
36,knee/data_reduced/multicoil_train/file1000097.h5,CORPDFS_FBK,SIEMENS,Biograph_mMR,2.89362,15,NYU,640,356,1,320,320,1,280.0,155.53999299999998,4.5,140.0,140.0,3.0,320,0,0,2810.0,33.0,100.0,140.0,TurboSpinEcho,10.96,5,-1,96,0
37,knee/data_reduced/multicoil_train/file1000207.h5,CORPDFS_FBK,SIEMENS,Biograph_mMR,2.89362,15,NYU,640,368,1,320,320,1,280.0,161.419998,4.5,140.0,140.0,3.0,332,0,0,3350.0,33.0,100.0,140.0,TurboSpinEcho,10.96,5,-1,96,0
38,knee/data_reduced/multicoil_train/file1000115.h5,CORPDFS_FBK,SIEMENS,Prisma_fit,2.89362,15,NYU,640,368,1,320,320,1,280.0,161.419998,4.5,140.0,140.0,3.0,332,0,0,3270.0,33.0,100.0,140.0,TurboSpinEcho,10.96,5,-1,96,0
39,knee/data_reduced/multicoil_train/file1000159.h5,CORPDFS_FBK,SIEMENS,Prisma_fit,2.89362,15,NYU,640,368,1,320,320,1,280.0,161.419998,4.5,140.0,140.0,3.0,332,0,0,2870.0,33.0,100.0,140.0,TurboSpinEcho,10.96,5,-1,96,0
40,knee/data_reduced/multicoil_train/file1000003.h5,CORPD_FBK,SIEMENS,Skyra,2.89362,15,NYU,640,368,1,320,320,1,280.0,161.419998,4.5,140.0,140.0,3.0,332,0,0,2750.0,27.0,100.0,140.0,TurboSpinEcho,8.85,5,-1,96,0
41,knee/data_reduced/multicoil_train/file1000021.h5,CORPD_FBK,SIEMENS,Skyra,2.89362,15,NYU,640,368,1,320,320,1,280.0,161.419998,4.5,140.0,140.0,3.0,332,0,0,2750.0,27.0,100.0,140.0,TurboSpinEcho,8.85,5,-1,96,0
42,knee/data_reduced/multicoil_train/file1000040.h5,CORPD_FBK,SIEMENS,Skyra,2.89362,15,NYU,640,368,1,320,320,1,280.0,161.419998,4.5,140.0,140.0,3.0,332,0,0,2200.0,27.0,100.0,140.0,TurboSpinEcho,8.85,5,-1,96,0
43,knee/data_reduced/multicoil_train/file1000045.h5,CORPD_FBK,SIEMENS,Skyra,2.89362,15,TH,640,368,1,320,320,1,280.0,161.419998,4.5,140.0,140.0,3.0,332,0,0,2750.0,27.0,100.0,140.0,TurboSpinEcho,8.85,5,-1,96,0
44,knee/data_reduced/multicoil_train/file1000048.h5,CORPD_FBK,SIEMENS,Skyra,2.89362,15,NYU,640,368,1,320,320,1,280.0,161.419998,4.5,140.0,140.0,3.0,332,0,0,2750.0,27.0,100.0,140.0,TurboSpinEcho,8.85,5,-1,96,0
45,knee/data_reduced/multicoil_train/file1000058.h5,CORPD_FBK,SIEMENS,Skyra,2.89362,15,NYU,640,368,1,320,320,1,280.0,161.419998,4.5,140.0,140.0,3.0,332,0,0,2750.0,27.0,100.0,140.0,TurboSpinEcho,8.85,5,-1,96,0
46,knee/data_reduced/multicoil_train/file1000069.h5,CORPD_FBK,SIEMENS,Skyra,2.89362,15,HJD,640,368,1,320,320,1,280.0,161.419998,4.5,140.0,140.0,3.0,332,0,0,2750.0,27.0,100.0,140.0,TurboSpinEcho,8.85,5,-1,96,0
47,knee/data_reduced/multicoil_train/file1000098.h5,CORPD_FBK,SIEMENS,Skyra,2.89362,15,NYU,640,368,1,320,320,1,280.0,161.419998,4.5,140.0,140.0,3.0,332,0,0,2750.0,27.0,100.0,140.0,TurboSpinEcho,8.85,5,-1,96,0
48,knee/data_reduced/multicoil_train/file1000116.h5,CORPD_FBK,SIEMENS,Skyra,2.89362,15,NYU,640,368,1,320,320,1,300.0,172.949997,4.5,150.0,150.0,3.0,332,0,0,2750.0,27.0,100.0,140.0,TurboSpinEcho,8.85,5,-1,96,0
49,knee/data_reduced/multicoil_train/file1000131.h5,CORPD_FBK,SIEMENS,Skyra,2.89362,15,NYU,640,368,1,320,320,1,280.0,161.419998,4.5,140.0,140.0,3.0,332,0,0,2750.0,27.0,100.0,140.0,TurboSpinEcho,8.85,5,-1,96,0
50,knee/data_reduced/multicoil_train/file1000170.h5,CORPD_FBK,SIEMENS,Skyra,2.89362,15,NYU,640,368,1,320,320,1,280.0,161.419998,4.5,140.0,140.0,3.0,332,0,0,2750.0,27.0,100.0,140.0,TurboSpinEcho,8.85,5,-1,96,0
51,knee/data_reduced/multicoil_train/file1000180.h5,CORPD_FBK,SIEMENS,Skyra,2.89362,15,NYU,640,368,1,320,320,1,280.0,161.419998,4.5,140.0,140.0,3.0,332,0,0,2750.0,27.0,100.0,140.0,TurboSpinEcho,8.85,5,-1,96,0
52,knee/data_reduced/multicoil_train/file1000188.h5,CORPD_FBK,SIEMENS,Skyra,2.89362,15,NYU,640,368,1,320,320,1,280.0,161.419998,4.5,140.0,140.0,3.0,332,0,0,2750.0,27.0,100.0,140.0,TurboSpinEcho,8.85,5,-1,96,0
53,knee/data_reduced/multicoil_train/file1000191.h5,CORPD_FBK,SIEMENS,Skyra,2.89362,15,NYU,640,368,1,320,320,1,280.0,161.419998,4.5,140.0,140.0,3.0,332,0,0,2750.0,27.0,100.0,140.0,TurboSpinEcho,8.85,5,-1,96,0
54,knee/data_reduced/multicoil_train/file1000193.h5,CORPD_FBK,SIEMENS,Skyra,2.89362,15,NYU,640,368,1,320,320,1,280.0,161.419998,4.5,140.0,140.0,3.0,332,0,0,2750.0,27.0,100.0,140.0,TurboSpinEcho,8.85,5,-1,96,0
55,knee/data_reduced/multicoil_train/file1000208.h5,CORPD_FBK,SIEMENS,Skyra,2.89362,15,NYU,640,368,1,320,320,1,280.0,161.419998,4.5,140.0,140.0,3.0,332,0,0,2300.0,27.0,100.0,140.0,TurboSpinEcho,8.85,5,-1,96,0
56,knee/data_reduced/multicoil_train/file1000213.h5,CORPD_FBK,SIEMENS,Skyra,2.89362,15,NYU,640,368,1,320,320,1,300.0,172.949997,4.5,150.0,150.0,3.0,332,0,0,2750.0,27.0,100.0,140.0,TurboSpinEcho,8.85,5,-1,96,0
57,knee/data_reduced/multicoil_train/file1000005.h5,CORPD_FBK,SIEMENS,Aera,1.494,15,NYU,640,372,1,320,320,1,280.0,162.820007,4.5,140.0,140.0,3.0,335,0,0,2800.0,32.0,100.0,140.0,TurboSpinEcho,10.78,5,-1,96,0
58,knee/data_reduced/multicoil_train/file1000012.h5,CORPD_FBK,SIEMENS,Aera,1.494,15,NYU,640,372,1,320,320,1,280.0,162.820007,4.5,140.0,140.0,3.0,335,0,0,2800.0,32.0,100.0,140.0,TurboSpinEcho,10.78,5,-1,96,0
59,knee/data_reduced/multicoil_train/file1000032.h5,CORPD_FBK,SIEMENS,Aera,1.494,15,NYU,640,372,1,320,320,1,280.0,162.820007,4.5,140.0,140.0,3.0,335,0,0,2240.0,32.0,100.0,140.0,TurboSpinEcho,10.78,5,-1,96,0
60,knee/data_reduced/multicoil_train/file1000043.h5,CORPD_FBK,SIEMENS,Aera,1.494,15,NYU,640,372,1,320,320,1,280.0,162.820007,4.5,140.0,140.0,3.0,335,0,0,2870.0,32.0,100.0,140.0,TurboSpinEcho,10.78,5,-1,96,0
61,knee/data_reduced/multicoil_train/file1000075.h5,CORPD_FBK,SIEMENS,Aera,1.494,15,NYU,640,372,1,320,320,1,280.0,162.820007,4.5,140.0,140.0,3.0,335,0,0,2800.0,32.0,100.0,140.0,TurboSpinEcho,10.78,5,-1,96,0
62,knee/data_reduced/multicoil_train/file1000084.h5,CORPD_FBK,SIEMENS,Aera,1.494,15,NYU,640,372,1,320,320,1,280.0,162.820007,4.5,140.0,140.0,3.0,335,0,0,2800.0,32.0,100.0,140.0,TurboSpinEcho,10.78,5,-1,96,0
63,knee/data_reduced/multicoil_train/file1000086.h5,CORPD_FBK,SIEMENS,Aera,1.494,15,NYU,640,372,1,320,320,1,280.0,162.820007,4.5,140.0,140.0,3.0,335,0,0,2800.0,32.0,100.0,140.0,TurboSpinEcho,10.78,5,-1,96,0
64,knee/data_reduced/multicoil_train/file1000109.h5,CORPD_FBK,SIEMENS,Aera,1.494,15,NYU,640,372,1,320,320,1,280.0,162.820007,4.5,140.0,140.0,3.0,335,0,0,2800.0,32.0,100.0,140.0,TurboSpinEcho,10.78,5,-1,96,0
65,knee/data_reduced/multicoil_train/file1000117.h5,CORPD_FBK,SIEMENS,Aera,1.494,15,NYU,640,372,1,320,320,1,280.0,162.820007,4.5,140.0,140.0,3.0,335,0,0,2800.0,32.0,100.0,140.0,TurboSpinEcho,10.78,5,-1,96,0
66,knee/data_reduced/multicoil_train/file1000141.h5,CORPD_FBK,SIEMENS,Aera,1.494,15,NYU,640,372,1,320,320,1,280.0,162.820007,4.5,140.0,140.0,3.0,335,0,0,2800.0,32.0,100.0,140.0,TurboSpinEcho,10.78,5,-1,96,0
67,knee/data_reduced/multicoil_train/file1000172.h5,CORPD_FBK,SIEMENS,Aera,1.494,15,NYU,640,372,1,320,320,1,280.0,162.820007,4.5,140.0,140.0,3.0,335,0,0,2800.0,32.0,100.0,140.0,TurboSpinEcho,10.78,5,-1,96,0
68,knee/data_reduced/multicoil_train/file1000176.h5,CORPD_FBK,SIEMENS,Aera,1.494,15,NYU,640,372,1,320,320,1,280.0,162.820007,4.5,140.0,140.0,3.0,335,0,0,2800.0,32.0,100.0,140.0,TurboSpinEcho,10.78,5,-1,96,0
69,knee/data_reduced/multicoil_train/file1000185.h5,CORPD_FBK,SIEMENS,Aera,1.494,15,NYU,640,372,1,320,320,1,280.0,162.820007,4.5,140.0,140.0,3.0,335,0,0,2800.0,32.0,100.0,140.0,TurboSpinEcho,10.78,5,-1,96,0
70,knee/data_reduced/multicoil_train/file1000195.h5,CORPD_FBK,SIEMENS,Aera,1.494,15,NYU,640,372,1,320,320,1,280.0,162.820007,4.5,140.0,140.0,3.0,335,0,0,2800.0,32.0,100.0,140.0,TurboSpinEcho,10.78,5,-1,96,0
71,knee/data_reduced/multicoil_train/file1000199.h5,CORPD_FBK,SIEMENS,Aera,1.494,15,NYU,640,372,1,320,320,1,280.0,162.820007,4.5,140.0,140.0,3.0,335,0,0,2800.0,32.0,100.0,140.0,TurboSpinEcho,10.78,5,-1,96,0
72,knee/data_reduced/multicoil_train/file1000200.h5,CORPD_FBK,SIEMENS,Aera,1.494,15,NYU,640,372,1,320,320,1,280.0,162.820007,4.5,140.0,140.0,3.0,335,0,0,2800.0,32.0,100.0,140.0,TurboSpinEcho,10.78,5,-1,96,0
73,knee/data_reduced/multicoil_train/file1000222.h5,CORPD_FBK,SIEMENS,Aera,1.494,15,HJD,640,372,1,320,320,1,280.0,162.820007,4.5,140.0,140.0,3.0,335,0,0,2800.0,32.0,100.0,140.0,TurboSpinEcho,10.78,5,-1,96,0
74,knee/data_reduced/multicoil_train/file1000010.h5,CORPD_FBK,SIEMENS,Biograph_mMR,2.89362,15,NYU,640,368,1,320,320,1,280.0,161.419998,4.5,140.0,140.0,3.0,332,0,0,2750.0,27.0,100.0,140.0,TurboSpinEcho,8.85,5,-1,96,0
75,knee/data_reduced/multicoil_train/file1000089.h5,CORPD_FBK,SIEMENS,Biograph_mMR,2.89362,15,NYU,640,368,1,320,320,1,280.0,161.419998,4.5,140.0,140.0,3.0,332,0,0,2750.0,27.0,100.0,140.0,TurboSpinEcho,8.85,5,-1,96,0
76,knee/data_reduced/multicoil_train/file1000101.h5,CORPD_FBK,SIEMENS,Biograph_mMR,2.89362,15,NYU,640,368,1,320,320,1,280.0,161.419998,4.5,140.0,140.0,3.0,332,0,0,2750.0,27.0,100.0,140.0,TurboSpinEcho,8.85,5,-1,96,0
77,knee/data_reduced/multicoil_train/file1000111.h5,CORPD_FBK,SIEMENS,Biograph_mMR,2.89362,15,NYU,640,368,1,320,320,1,280.0,161.419998,4.5,140.0,140.0,3.0,332,0,0,2750.0,27.0,100.0,140.0,TurboSpinEcho,8.85,5,-1,96,0
78,knee/data_reduced/multicoil_train/file1000061.h5,CORPD_FBK,SIEMENS,Prisma_fit,2.89362,15,NYU,640,368,1,320,320,1,280.0,161.419998,4.5,140.0,140.0,3.0,332,0,0,2750.0,27.0,100.0,140.0,TurboSpinEcho,8.85,5,-1,96,0
79,knee/data_reduced/multicoil_train/file1000287.h5,CORPD_FBK,SIEMENS,Prisma_fit,2.89362,15,NYU,640,368,1,320,320,1,280.0,161.419998,4.5,140.0,140.0,3.0,332,0,0,2100.0,27.0,100.0,140.0,TurboSpinEcho,8.85,5,-1,96,0
80,brain/data_reduced/multicoil_train/file_brain_AXFLAIR_200_6002425.h5,AXFLAIR,SIEMENS,Skyra,2.8936,20,NYU LANGONE CBI,640,320,1,320,320,1,440.0,220.0,7.5,220.0,220.0,5.0,224,0,0,9000.0,81.0,2500.0,150.0,TurboSpinEcho,9.02,0,10,128,30
81,brain/data_reduced/multicoil_train/file_brain_AXFLAIR_200_6002428.h5,AXFLAIR,SIEMENS,Skyra,2.8936,20,NYU LANGONE CBI,640,320,1,320,320,1,440.0,220.0,7.5,220.0,220.0,5.0,224,0,0,9000.0,81.0,2500.0,150.0,TurboSpinEcho,9.02,0,10,128,30
82,brain/data_reduced/multicoil_train/file_brain_AXFLAIR_200_6002429.h5,AXFLAIR,SIEMENS,Skyra,2.8936,20,NYU LANGONE CBI,640,320,1,320,320,1,440.0,220.0,7.5,220.0,220.0,5.0,224,0,0,9000.0,81.0,2500.0,150.0,TurboSpinEcho,9.02,0,10,128,30
83,brain/data_reduced/multicoil_train/file_brain_AXFLAIR_200_6002435.h5,AXFLAIR,SIEMENS,Skyra,2.8936,16,NYU LANGONE CBI,640,320,1,320,320,1,440.0,220.0,7.5,220.0,220.0,5.0,224,0,0,9000.0,81.0,2500.0,150.0,TurboSpinEcho,9.02,0,10,128,30
84,brain/data_reduced/multicoil_train/file_brain_AXFLAIR_200_6002442.h5,AXFLAIR,SIEMENS,Skyra,2.8936,16,NYU LANGONE CBI,640,320,1,320,320,1,440.0,220.0,7.5,220.0,220.0,5.0,224,0,0,9000.0,81.0,2500.0,150.0,TurboSpinEcho,9.02,0,10,128,30
85,brain/data_reduced/multicoil_train/file_brain_AXFLAIR_200_6002452.h5,AXFLAIR,SIEMENS,Skyra,2.8936,20,NYU LANGONE CBI,640,320,1,320,320,1,440.0,220.0,7.5,220.0,220.0,5.0,224,0,0,9000.0,81.0,2500.0,150.0,TurboSpinEcho,9.02,0,10,128,30
86,brain/data_reduced/multicoil_train/file_brain_AXFLAIR_200_6002456.h5,AXFLAIR,SIEMENS,Skyra,2.8936,16,NYU LANGONE CBI,640,320,1,320,320,1,440.0,220.0,7.5,220.0,220.0,5.0,224,0,0,9000.0,81.0,2500.0,150.0,TurboSpinEcho,9.02,0,10,128,30
87,brain/data_reduced/multicoil_train/file_brain_AXFLAIR_200_6002458.h5,AXFLAIR,SIEMENS,Skyra,2.8936,16,NYU LANGONE CBI,640,320,1,320,320,1,440.0,220.0,7.5,220.0,220.0,5.0,224,0,0,9000.0,81.0,2500.0,150.0,TurboSpinEcho,9.02,0,10,128,30
88,brain/data_reduced/multicoil_train/file_brain_AXFLAIR_200_6002460.h5,AXFLAIR,SIEMENS,Skyra,2.8936,16,NYU LANGONE CBI,640,320,1,320,320,1,440.0,220.0,7.5,220.0,220.0,5.0,224,0,0,9000.0,81.0,2500.0,150.0,TurboSpinEcho,9.02,0,10,128,30
89,brain/data_reduced/multicoil_train/file_brain_AXFLAIR_200_6002466.h5,AXFLAIR,SIEMENS,Skyra,2.8936,20,NYU LANGONE CBI,640,320,1,320,320,1,440.0,220.0,7.5,220.0,220.0,5.0,224,0,0,9000.0,81.0,2500.0,150.0,TurboSpinEcho,9.02,0,10,128,30
90,brain/data_reduced/multicoil_train/file_brain_AXFLAIR_200_6002467.h5,AXFLAIR,SIEMENS,Skyra,2.8936,20,NYU LANGONE CBI,640,320,1,320,320,1,440.0,220.0,7.5,220.0,220.0,5.0,224,0,0,9000.0,81.0,2500.0,150.0,TurboSpinEcho,9.02,0,10,128,30
91,brain/data_reduced/multicoil_train/file_brain_AXFLAIR_200_6002469.h5,AXFLAIR,SIEMENS,Skyra,2.8936,16,NYU LANGONE CBI,640,320,1,320,320,1,440.0,220.0,7.5,220.0,220.0,5.0,224,0,0,9000.0,81.0,2500.0,150.0,TurboSpinEcho,9.02,0,10,128,30
92,brain/data_reduced/multicoil_train/file_brain_AXFLAIR_200_6002474.h5,AXFLAIR,SIEMENS,Skyra,2.8936,16,NYU LANGONE CBI,640,320,1,320,320,1,440.0,220.0,7.5,220.0,220.0,5.0,224,0,0,9000.0,81.0,2500.0,150.0,TurboSpinEcho,9.02,0,10,128,30
93,brain/data_reduced/multicoil_train/file_brain_AXFLAIR_200_6002481.h5,AXFLAIR,SIEMENS,Skyra,2.8936,20,NYU LANGONE CBI,640,320,1,320,320,1,440.0,220.0,7.5,220.0,220.0,5.0,224,0,0,9000.0,81.0,2500.0,150.0,TurboSpinEcho,9.02,0,10,128,30
94,brain/data_reduced/multicoil_train/file_brain_AXFLAIR_200_6002487.h5,AXFLAIR,SIEMENS,Skyra,2.8936,20,NYU LANGONE CBI,640,320,1,320,320,1,440.0,220.0,7.5,220.0,220.0,5.0,224,0,0,9000.0,81.0,2500.0,150.0,TurboSpinEcho,9.02,0,10,128,30
95,brain/data_reduced/multicoil_train/file_brain_AXFLAIR_200_6002488.h5,AXFLAIR,SIEMENS,Skyra,2.8936,16,NYU LANGONE CBI,640,320,1,320,320,1,440.0,220.0,7.5,220.0,220.0,5.0,224,0,0,9000.0,81.0,2500.0,150.0,TurboSpinEcho,9.02,0,10,128,30
96,brain/data_reduced/multicoil_train/file_brain_AXFLAIR_200_6002492.h5,AXFLAIR,SIEMENS,Skyra,2.8936,16,NYU LANGONE CBI,640,320,1,320,320,1,440.0,220.0,7.5,220.0,220.0,5.0,224,0,0,9000.0,81.0,2500.0,150.0,TurboSpinEcho,9.02,0,10,128,30
97,brain/data_reduced/multicoil_train/file_brain_AXFLAIR_200_6002493.h5,AXFLAIR,SIEMENS,Skyra,2.8936,16,NYU LANGONE CBI,640,320,1,320,320,1,440.0,220.0,7.5,220.0,220.0,5.0,224,0,0,9000.0,81.0,2500.0,150.0,TurboSpinEcho,9.02,0,10,128,30
98,brain/data_reduced/multicoil_train/file_brain_AXFLAIR_200_6002496.h5,AXFLAIR,SIEMENS,Skyra,2.8936,16,NYU LANGONE CBI,640,320,1,320,320,1,440.0,220.0,7.5,220.0,220.0,5.0,224,0,0,9000.0,81.0,2500.0,150.0,TurboSpinEcho,9.02,0,10,128,30
99,brain/data_reduced/multicoil_train/file_brain_AXFLAIR_202_6000421.h5,AXFLAIR,SIEMENS,Aera,1.494,16,TH RADIOLOGY,640,312,1,320,290,1,440.0,214.5275,7.5,220.0,199.375,5.0,234,0,0,9000.0,86.0,2500.0,150.0,TurboSpinEcho,9.6,0,10,128,30
100,brain/data_reduced/multicoil_train/file_brain_AXFLAIR_202_6000424.h5,AXFLAIR,SIEMENS,Aera,1.494,16,TH RADIOLOGY,640,264,1,320,260,1,440.0,181.4312,7.5,220.0,178.75,5.0,198,0,0,9000.0,86.0,2500.0,150.0,TurboSpinEcho,9.6,0,10,128,30
101,brain/data_reduced/multicoil_train/file_brain_AXFLAIR_202_6000425.h5,AXFLAIR,SIEMENS,Aera,1.494,16,TH RADIOLOGY,512,320,1,256,256,1,440.0,275.0,4.5,220.0,220.0,3.0,256,0,0,9000.0,88.0,2500.0,150.0,TurboSpinEcho,9.8,0,10,128,30
102,brain/data_reduced/multicoil_train/file_brain_AXFLAIR_202_6000428.h5,AXFLAIR,SIEMENS,Aera,1.494,16,TH RADIOLOGY,640,264,1,320,260,1,440.0,181.4312,7.5,220.0,178.75,5.0,198,0,0,9000.0,86.0,2500.0,150.0,TurboSpinEcho,9.6,0,10,128,30
103,brain/data_reduced/multicoil_train/file_brain_AXFLAIR_202_6000431.h5,AXFLAIR,SIEMENS,Aera,1.494,16,TH RADIOLOGY,640,264,1,320,260,1,440.0,181.4312,7.5,220.0,178.75,5.0,198,0,0,9000.0,86.0,2500.0,150.0,TurboSpinEcho,9.6,0,10,128,30
104,brain/data_reduced/multicoil_train/file_brain_AXFLAIR_202_6000435.h5,AXFLAIR,SIEMENS,Aera,1.494,16,TH RADIOLOGY,512,256,1,256,256,1,440.0,220.0,7.5,220.0,220.0,5.0,192,0,0,9000.0,87.0,2500.0,150.0,TurboSpinEcho,9.62,0,10,128,30
105,brain/data_reduced/multicoil_train/file_brain_AXFLAIR_202_6000436.h5,AXFLAIR,SIEMENS,Aera,1.494,20,TH RADIOLOGY,640,264,1,320,260,1,440.0,181.4312,7.5,220.0,178.75,5.0,198,0,0,9000.0,86.0,2500.0,150.0,TurboSpinEcho,9.6,0,10,128,30
106,brain/data_reduced/multicoil_train/file_brain_AXFLAIR_202_6000437.h5,AXFLAIR,SIEMENS,Aera,1.494,20,TH RADIOLOGY,640,312,1,320,300,1,440.0,214.5,7.5,220.0,206.25,5.0,234,0,0,9000.0,86.0,2500.0,150.0,TurboSpinEcho,9.6,0,10,128,30
107,brain/data_reduced/multicoil_train/file_brain_AXFLAIR_202_6000440.h5,AXFLAIR,SIEMENS,Aera,1.494,16,TH RADIOLOGY,640,264,1,320,260,1,440.0,181.4312,7.5,220.0,178.75,5.0,198,0,0,9000.0,86.0,2500.0,150.0,TurboSpinEcho,9.6,0,10,128,30
108,brain/data_reduced/multicoil_train/file_brain_AXFLAIR_202_6000455.h5,AXFLAIR,SIEMENS,Aera,1.494,16,TH RADIOLOGY,640,264,1,320,260,1,440.0,181.4312,7.5,220.0,178.75,5.0,198,0,0,9000.0,86.0,2500.0,150.0,TurboSpinEcho,9.6,0,10,128,30
109,brain/data_reduced/multicoil_train/file_brain_AXFLAIR_202_6000456.h5,AXFLAIR,SIEMENS,Aera,1.494,24,TH RADIOLOGY,640,264,1,320,260,1,440.0,181.4312,7.5,220.0,178.75,5.0,198,0,0,9000.0,86.0,2500.0,150.0,TurboSpinEcho,9.6,0,10,128,30
110,brain/data_reduced/multicoil_train/file_brain_AXFLAIR_209_6001344.h5,AXFLAIR,SIEMENS,Biograph_mMR,2.8936,16,NYU LANGONE CBI,640,320,1,320,320,1,440.0,220.0,7.5,220.0,220.0,5.0,256,0,0,9000.0,90.0,2500.0,150.0,TurboSpinEcho,9.02,0,10,128,30
111,brain/data_reduced/multicoil_train/file_brain_AXFLAIR_209_6001346.h5,AXFLAIR,SIEMENS,Biograph_mMR,2.8936,16,NYU LANGONE CBI,640,320,1,320,320,1,440.0,220.0,7.5,220.0,220.0,5.0,256,0,0,9000.0,90.0,2500.0,150.0,TurboSpinEcho,9.02,0,10,128,30
112,brain/data_reduced/multicoil_train/file_brain_AXFLAIR_209_6001348.h5,AXFLAIR,SIEMENS,Biograph_mMR,2.8936,14,NYU LANGONE CBI,640,320,1,320,320,1,440.0,220.0,7.5,220.0,220.0,5.0,256,0,0,9000.0,90.0,2500.0,150.0,TurboSpinEcho,9.02,0,10,128,30
113,brain/data_reduced/multicoil_train/file_brain_AXFLAIR_210_6001479.h5,AXFLAIR,SIEMENS,Prisma_fit,2.8936,20,NYU LANGONE CBI,640,320,1,320,320,1,440.0,220.0,7.5,220.0,220.0,5.0,224,0,0,9000.0,81.0,2500.0,150.0,TurboSpinEcho,9.02,0,10,128,30
114,brain/data_reduced/multicoil_train/file_brain_AXFLAIR_210_6001480.h5,AXFLAIR,SIEMENS,Prisma_fit,2.8936,20,NYU LANGONE CBI,640,320,1,320,320,1,440.0,220.0,7.5,220.0,220.0,5.0,224,0,0,9000.0,81.0,2500.0,150.0,TurboSpinEcho,9.02,0,10,128,30
115,brain/data_reduced/multicoil_train/file_brain_AXFLAIR_210_6001482.h5,AXFLAIR,SIEMENS,Prisma_fit,2.8936,20,NYU LANGONE CBI,640,320,1,320,320,1,440.0,220.0,7.5,220.0,220.0,5.0,224,0,0,9000.0,81.0,2500.0,150.0,TurboSpinEcho,9.02,0,10,128,30
116,brain/data_reduced/multicoil_train/file_brain_AXFLAIR_210_6001484.h5,AXFLAIR,SIEMENS,Prisma_fit,2.8936,16,NYU LANGONE CBI,640,320,1,320,320,1,440.0,220.0,7.5,220.0,220.0,5.0,224,0,0,9000.0,81.0,2500.0,150.0,TurboSpinEcho,9.02,0,10,128,30
117,brain/data_reduced/multicoil_train/file_brain_AXFLAIR_210_6001485.h5,AXFLAIR,SIEMENS,Prisma_fit,2.8936,16,NYU LANGONE CBI,640,320,1,320,320,1,440.0,220.0,7.5,220.0,220.0,5.0,224,0,0,9000.0,81.0,2500.0,150.0,TurboSpinEcho,9.02,0,10,128,30
118,brain/data_reduced/multicoil_train/file_brain_AXFLAIR_210_6001487.h5,AXFLAIR,SIEMENS,Prisma_fit,2.8936,20,NYU LANGONE CBI,640,320,1,320,320,1,440.0,220.0,7.5,220.0,220.0,5.0,224,0,0,9000.0,81.0,2500.0,150.0,TurboSpinEcho,9.02,0,10,128,30
119,brain/data_reduced/multicoil_train/file_brain_AXFLAIR_210_6001489.h5,AXFLAIR,SIEMENS,Prisma_fit,2.8936,16,NYU LANGONE CBI,640,320,1,320,320,1,440.0,220.0,7.5,220.0,220.0,5.0,224,0,0,9000.0,81.0,2500.0,150.0,TurboSpinEcho,9.02,0,10,128,30
120,brain/data_reduced/multicoil_train/file_brain_AXT1POST_200_6001959.h5,AXT1POST,SIEMENS,Skyra,2.8936,20,NYU LANGONE CBI,640,320,1,320,320,1,440.0,220.0,5.0,220.0,220.0,5.0,320,0,0,250.0,2.64,300.0,70.0,Flash,,0,10,128,30
121,brain/data_reduced/multicoil_train/file_brain_AXT1POST_200_6001962.h5,AXT1POST,SIEMENS,Skyra,2.8936,16,NYU LANGONE CBI,640,320,1,320,320,1,440.0,220.0,5.0,220.0,220.0,5.0,320,0,0,250.0,2.64,300.0,70.0,Flash,,0,10,128,30
122,brain/data_reduced/multicoil_train/file_brain_AXT1POST_200_6001963.h5,AXT1POST,SIEMENS,Skyra,2.8936,20,NYU LANGONE CBI,640,320,1,320,320,1,440.0,220.0,5.0,220.0,220.0,5.0,320,0,0,250.0,2.64,300.0,70.0,Flash,,0,10,128,30
123,brain/data_reduced/multicoil_train/file_brain_AXT1POST_200_6001967.h5,AXT1POST,SIEMENS,Skyra,2.8936,20,NYU LANGONE CBI,640,320,1,320,320,1,440.0,220.0,5.0,220.0,220.0,5.0,320,0,0,250.0,2.64,300.0,70.0,Flash,,0,10,128,30
124,brain/data_reduced/multicoil_train/file_brain_AXT1POST_200_6001969.h5,AXT1POST,SIEMENS,Skyra,2.8936,16,NYU LANGONE CBI,640,320,1,320,320,1,440.0,220.0,5.0,220.0,220.0,5.0,320,0,0,250.0,2.64,300.0,70.0,Flash,,0,10,128,30
125,brain/data_reduced/multicoil_train/file_brain_AXT1POST_200_6001970.h5,AXT1POST,SIEMENS,Skyra,2.8936,20,NYU LANGONE CBI,640,320,1,320,320,1,440.0,220.0,5.0,220.0,220.0,5.0,320,0,0,250.0,2.64,300.0,70.0,Flash,,0,10,128,30
126,brain/data_reduced/multicoil_train/file_brain_AXT1POST_200_6001973.h5,AXT1POST,SIEMENS,Skyra,2.8936,16,NYU LANGONE CBI,640,320,1,320,320,1,440.0,220.0,5.0,220.0,220.0,5.0,320,0,0,250.0,2.64,300.0,70.0,Flash,,0,10,128,30
127,brain/data_reduced/multicoil_train/file_brain_AXT1POST_200_6001975.h5,AXT1POST,SIEMENS,Skyra,2.8936,16,NYU LANGONE CBI,640,320,1,320,320,1,440.0,220.0,5.0,220.0,220.0,5.0,320,0,0,250.0,2.64,300.0,70.0,Flash,,0,10,128,30
128,brain/data_reduced/multicoil_train/file_brain_AXT1POST_202_6000266.h5,AXT1POST,SIEMENS,Aera,1.494,16,TH RADIOLOGY,640,320,1,320,320,1,440.0,220.0,7.5,220.0,220.0,5.0,224,0,0,446.0,9.4,100.0,140.0,TurboSpinEcho,9.4,0,10,128,30
129,brain/data_reduced/multicoil_train/file_brain_AXT1POST_202_6000267.h5,AXT1POST,SIEMENS,Aera,1.494,16,TH RADIOLOGY,640,320,1,320,320,1,440.0,220.0,7.5,220.0,220.0,5.0,224,0,0,446.0,9.4,100.0,140.0,TurboSpinEcho,9.4,0,10,128,30
130,brain/data_reduced/multicoil_train/file_brain_AXT1POST_202_6000268.h5,AXT1POST,SIEMENS,Aera,1.494,20,TH RADIOLOGY,640,320,1,320,320,1,440.0,220.0,7.5,220.0,220.0,5.0,224,0,0,419.0,9.4,100.0,140.0,TurboSpinEcho,9.4,0,10,128,30
131,brain/data_reduced/multicoil_train/file_brain_AXT1POST_202_6000269.h5,AXT1POST,SIEMENS,Aera,1.494,20,TH RADIOLOGY,640,320,1,320,320,1,440.0,220.0,7.5,220.0,220.0,5.0,224,0,0,446.0,9.4,100.0,140.0,TurboSpinEcho,9.4,0,10,128,30
132,brain/data_reduced/multicoil_train/file_brain_AXT1POST_202_6000271.h5,AXT1POST,SIEMENS,Aera,1.494,20,TH RADIOLOGY,640,320,1,320,320,1,400.0,200.0,7.5,200.0,200.0,5.0,224,0,0,419.0,9.4,100.0,140.0,TurboSpinEcho,9.4,0,10,128,30
133,brain/data_reduced/multicoil_train/file_brain_AXT1POST_202_6000272.h5,AXT1POST,SIEMENS,Aera,1.494,16,TH RADIOLOGY,640,320,1,320,320,1,440.0,220.0,7.5,220.0,220.0,5.0,224,0,0,446.0,9.4,100.0,140.0,TurboSpinEcho,9.4,0,10,128,30
134,brain/data_reduced/multicoil_train/file_brain_AXT1POST_202_6000273.h5,AXT1POST,SIEMENS,Aera,1.494,16,TH RADIOLOGY,640,320,1,320,320,1,440.0,220.0,7.5,220.0,220.0,5.0,224,0,0,400.0,9.4,100.0,140.0,TurboSpinEcho,9.4,0,10,128,30
135,brain/data_reduced/multicoil_train/file_brain_AXT1POST_202_6000274.h5,AXT1POST,SIEMENS,Aera,1.494,20,TH RADIOLOGY,640,320,1,320,320,1,440.0,220.0,7.5,220.0,220.0,5.0,224,0,0,419.0,9.4,100.0,140.0,TurboSpinEcho,9.4,0,10,128,30
136,brain/data_reduced/multicoil_train/file_brain_AXT1POST_203_6000594.h5,AXT1POST,SIEMENS,TrioTim,2.8936,4,NYU Clinical Cancer Ctr,640,320,1,320,320,1,440.0,220.0,5.0,220.0,220.0,5.0,320,0,0,264.0,2.88,300.0,70.0,Flash,,0,10,128,30
137,brain/data_reduced/multicoil_train/file_brain_AXT1POST_203_6000595.h5,AXT1POST,SIEMENS,TrioTim,2.8936,4,NYU Clinical Cancer Ctr,640,320,1,320,320,1,440.0,220.0,5.0,220.0,220.0,5.0,320,0,0,264.0,2.88,300.0,70.0,Flash,,0,10,128,30
138,brain/data_reduced/multicoil_train/file_brain_AXT1POST_203_6000597.h5,AXT1POST,SIEMENS,TrioTim,2.8936,4,NYU Clinical Cancer Ctr,640,320,1,320,320,1,440.0,220.0,5.0,220.0,220.0,5.0,320,0,0,264.0,2.88,300.0,70.0,Flash,,0,10,128,30
139,brain/data_reduced/multicoil_train/file_brain_AXT1POST_203_6000599.h5,AXT1POST,SIEMENS,TrioTim,2.8936,4,NYU Clinical Cancer Ctr,640,320,1,320,320,1,440.0,220.0,5.0,220.0,220.0,5.0,320,0,0,264.0,2.88,300.0,70.0,Flash,,0,10,128,30
140,brain/data_reduced/multicoil_train/file_brain_AXT1POST_207_2070009.h5,AXT1POST,SIEMENS,Avanto,1.494,4,NYU,640,322,1,320,320,1,440.0,221.98,7.5,220.0,220.0,5.0,226,0,0,500.0,9.7,100.0,140.0,TurboSpinEcho,9.72,0,10,128,30
141,brain/data_reduced/multicoil_train/file_brain_AXT1POST_207_2070010.h5,AXT1POST,SIEMENS,Avanto,1.494,4,NYU,640,322,1,320,320,1,440.0,221.98,7.5,220.0,220.0,5.0,226,0,0,500.0,9.7,100.0,140.0,TurboSpinEcho,9.72,0,10,128,30
142,brain/data_reduced/multicoil_train/file_brain_AXT1POST_207_2070014.h5,AXT1POST,SIEMENS,Avanto,1.494,6,NYU,640,322,1,320,320,1,440.0,221.98,7.5,220.0,220.0,5.0,226,0,0,466.0,9.7,100.0,140.0,TurboSpinEcho,9.72,0,10,128,30
143,brain/data_reduced/multicoil_train/file_brain_AXT1POST_207_2070015.h5,AXT1POST,SIEMENS,Avanto,1.494,4,NYU,640,322,1,320,320,1,440.0,221.98,7.5,220.0,220.0,5.0,226,0,0,500.0,9.7,100.0,140.0,TurboSpinEcho,9.72,0,10,128,30
144,brain/data_reduced/multicoil_train/file_brain_AXT1POST_207_2070020.h5,AXT1POST,SIEMENS,Avanto,1.494,4,NYU,640,322,1,320,320,1,440.0,221.98,7.5,220.0,220.0,5.0,226,0,0,500.0,9.7,100.0,140.0,TurboSpinEcho,9.72,0,10,128,30
145,brain/data_reduced/multicoil_train/file_brain_AXT1POST_207_2070023.h5,AXT1POST,SIEMENS,Avanto,1.494,4,NYU,640,322,1,320,320,1,440.0,221.98,7.5,220.0,220.0,5.0,226,0,0,500.0,9.7,100.0,140.0,TurboSpinEcho,9.72,0,10,128,30
146,brain/data_reduced/multicoil_train/file_brain_AXT1POST_207_2070026.h5,AXT1POST,SIEMENS,Avanto,1.494,4,NYU,640,322,1,320,320,1,440.0,221.98,7.5,220.0,220.0,5.0,226,0,0,500.0,9.7,100.0,140.0,TurboSpinEcho,9.72,0,10,128,30
147,brain/data_reduced/multicoil_train/file_brain_AXT1POST_207_2070028.h5,AXT1POST,SIEMENS,Avanto,1.494,4,NYU,640,322,1,320,320,1,440.0,221.98,7.5,220.0,220.0,5.0,226,0,0,500.0,9.7,100.0,140.0,TurboSpinEcho,9.72,0,10,128,30
148,brain/data_reduced/multicoil_train/file_brain_AXT1POST_207_2070031.h5,AXT1POST,SIEMENS,Avanto,1.494,4,NYU,640,322,1,320,320,1,440.0,221.98,7.5,220.0,220.0,5.0,226,0,0,500.0,9.7,100.0,140.0,TurboSpinEcho,9.72,0,10,128,30
149,brain/data_reduced/multicoil_train/file_brain_AXT1POST_207_2070032.h5,AXT1POST,SIEMENS,Avanto,1.494,4,NYU,640,322,1,320,320,1,440.0,221.98,7.5,220.0,220.0,5.0,226,0,0,439.0,9.7,100.0,140.0,TurboSpinEcho,9.72,0,10,128,30
150,brain/data_reduced/multicoil_train/file_brain_AXT1POST_207_2070034.h5,AXT1POST,SIEMENS,Avanto,1.494,4,NYU,640,322,1,320,320,1,440.0,221.98,7.5,220.0,220.0,5.0,226,0,0,500.0,9.7,100.0,140.0,TurboSpinEcho,9.72,0,10,128,30
151,brain/data_reduced/multicoil_train/file_brain_AXT1POST_207_2070035.h5,AXT1POST,SIEMENS,Avanto,1.494,4,NYU,640,322,1,320,320,1,440.0,221.98,7.5,220.0,220.0,5.0,226,0,0,500.0,9.7,100.0,140.0,TurboSpinEcho,9.72,0,10,128,30
152,brain/data_reduced/multicoil_train/file_brain_AXT1POST_207_2070038.h5,AXT1POST,SIEMENS,Avanto,1.494,4,NYU,640,322,1,320,320,1,440.0,221.98,7.5,220.0,220.0,5.0,226,0,0,500.0,9.7,100.0,140.0,TurboSpinEcho,9.72,0,10,128,30
153,brain/data_reduced/multicoil_train/file_brain_AXT1POST_207_2070043.h5,AXT1POST,SIEMENS,Avanto,1.494,4,NYU,640,322,1,320,320,1,440.0,221.98,7.5,220.0,220.0,5.0,226,0,0,500.0,9.7,100.0,140.0,TurboSpinEcho,9.72,0,10,128,30
154,brain/data_reduced/multicoil_train/file_brain_AXT1POST_207_2070060.h5,AXT1POST,SIEMENS,Avanto,1.494,4,NYU,640,322,1,320,320,1,440.0,221.98,7.5,220.0,220.0,5.0,226,0,0,500.0,9.7,100.0,140.0,TurboSpinEcho,9.72,0,10,128,30
155,brain/data_reduced/multicoil_train/file_brain_AXT1POST_207_2070063.h5,AXT1POST,SIEMENS,Avanto,1.494,4,NYU,640,322,1,320,320,1,440.0,221.98,7.5,220.0,220.0,5.0,226,0,0,500.0,9.7,100.0,140.0,TurboSpinEcho,9.72,0,10,128,30
156,brain/data_reduced/multicoil_train/file_brain_AXT1POST_209_6000969.h5,AXT1POST,SIEMENS,Biograph_mMR,2.8936,14,NYU LANGONE CBI,640,320,1,320,320,1,440.0,220.0,5.0,220.0,220.0,5.0,320,0,0,250.0,2.64,300.0,70.0,Flash,,0,10,128,30
157,brain/data_reduced/multicoil_train/file_brain_AXT1POST_209_6000987.h5,AXT1POST,SIEMENS,Biograph_mMR,2.8936,14,NYU LANGONE CBI,640,320,1,320,320,1,440.0,220.0,5.0,220.0,220.0,5.0,320,0,0,250.0,2.64,300.0,70.0,Flash,,0,10,128,30
158,brain/data_reduced/multicoil_train/file_brain_AXT1POST_209_6000990.h5,AXT1POST,SIEMENS,Biograph_mMR,2.8936,14,NYU LANGONE CBI,640,320,1,320,320,1,440.0,220.0,5.0,220.0,220.0,5.0,320,0,0,250.0,2.64,300.0,70.0,Flash,,0,10,128,30
159,brain/data_reduced/multicoil_train/file_brain_AXT1POST_210_6001561.h5,AXT1POST,SIEMENS,Prisma_fit,2.8936,20,NYU LANGONE CBI,640,320,1,320,320,1,440.0,220.0,5.0,220.0,220.0,5.0,320,0,0,250.0,2.64,300.0,70.0,Flash,,0,10,128,30
160,brain/data_reduced/multicoil_train/file_brain_AXT1POST_210_6001569.h5,AXT1POST,SIEMENS,Prisma_fit,2.8936,16,NYU LANGONE CBI,640,320,1,320,320,1,440.0,220.0,5.0,220.0,220.0,5.0,320,0,0,250.0,2.64,300.0,70.0,Flash,,0,10,128,30
161,brain/data_reduced/multicoil_train/file_brain_AXT1PRE_200_6002029.h5,AXT1,SIEMENS,Skyra,2.8936,16,NYU LANGONE CBI,640,320,1,320,320,1,440.0,220.0,5.0,220.0,220.0,5.0,320,0,0,250.0,2.64,300.0,70.0,Flash,,0,10,128,30
162,brain/data_reduced/multicoil_train/file_brain_AXT1PRE_200_6002032.h5,AXT1,SIEMENS,Skyra,2.8936,16,NYU LANGONE CBI,640,320,1,320,320,1,440.0,220.0,5.0,220.0,220.0,5.0,320,0,0,250.0,2.64,300.0,70.0,Flash,,0,10,128,30
163,brain/data_reduced/multicoil_train/file_brain_AXT1PRE_200_6002041.h5,AXT1,SIEMENS,Skyra,2.8936,16,NYU LANGONE CBI,640,320,1,320,320,1,440.0,220.0,5.0,220.0,220.0,5.0,320,0,0,250.0,2.64,300.0,70.0,Flash,,0,10,128,30
164,brain/data_reduced/multicoil_train/file_brain_AXT1PRE_200_6002044.h5,AXT1,SIEMENS,Skyra,2.8936,16,NYU LANGONE CBI,640,320,1,320,320,1,440.0,220.0,5.0,220.0,220.0,5.0,320,0,0,250.0,2.64,300.0,70.0,Flash,,0,10,128,30
165,brain/data_reduced/multicoil_train/file_brain_AXT1PRE_200_6002047.h5,AXT1,SIEMENS,Skyra,2.8936,16,NYU LANGONE CBI,640,320,1,320,320,1,440.0,220.0,5.0,220.0,220.0,5.0,320,0,0,250.0,2.64,300.0,70.0,Flash,,0,10,128,30
166,brain/data_reduced/multicoil_train/file_brain_AXT1PRE_200_6002054.h5,AXT1,SIEMENS,Skyra,2.8936,16,NYU LANGONE CBI,640,320,1,320,320,1,440.0,220.0,5.0,220.0,220.0,5.0,320,0,0,250.0,2.64,300.0,70.0,Flash,,0,10,128,30
167,brain/data_reduced/multicoil_train/file_brain_AXT1PRE_200_6002057.h5,AXT1,SIEMENS,Skyra,2.8936,16,NYU LANGONE CBI,640,320,1,320,320,1,440.0,220.0,5.0,220.0,220.0,5.0,320,0,0,250.0,2.64,300.0,70.0,Flash,,0,10,128,30
168,brain/data_reduced/multicoil_train/file_brain_AXT1PRE_200_6002064.h5,AXT1,SIEMENS,Skyra,2.8936,16,NYU LANGONE CBI,640,320,1,320,320,1,440.0,220.0,5.0,220.0,220.0,5.0,320,0,0,250.0,2.64,300.0,70.0,Flash,,0,10,128,30
169,brain/data_reduced/multicoil_train/file_brain_AXT1PRE_200_6002068.h5,AXT1,SIEMENS,Skyra,2.8936,16,NYU LANGONE CBI,640,320,1,320,320,1,440.0,220.0,5.0,220.0,220.0,5.0,320,0,0,250.0,2.64,300.0,70.0,Flash,,0,10,128,30
170,brain/data_reduced/multicoil_train/file_brain_AXT1PRE_203_6000614.h5,AXT1,SIEMENS,TrioTim,2.8936,4,NYU Clinical Cancer Ctr,640,320,1,320,320,1,440.0,220.0,5.0,220.0,220.0,5.0,320,0,0,264.0,2.88,300.0,70.0,Flash,,0,10,128,30
171,brain/data_reduced/multicoil_train/file_brain_AXT1PRE_203_6000616.h5,AXT1,SIEMENS,TrioTim,2.8936,4,NYU Clinical Cancer Ctr,640,320,1,320,320,1,440.0,220.0,5.0,220.0,220.0,5.0,320,0,0,264.0,2.88,300.0,70.0,Flash,,0,10,128,30
172,brain/data_reduced/multicoil_train/file_brain_AXT1PRE_203_6000620.h5,AXT1,SIEMENS,TrioTim,2.8936,4,NYU Clinical Cancer Ctr,640,320,1,320,320,1,440.0,220.0,5.0,220.0,220.0,5.0,320,0,0,264.0,2.88,300.0,70.0,Flash,,0,10,128,30
173,brain/data_reduced/multicoil_train/file_brain_AXT1PRE_203_6000627.h5,AXT1,SIEMENS,TrioTim,2.8936,4,NYU Clinical Cancer Ctr,640,320,1,320,320,1,440.0,220.0,5.0,220.0,220.0,5.0,320,0,0,264.0,2.88,300.0,70.0,Flash,,0,10,128,30
174,brain/data_reduced/multicoil_train/file_brain_AXT1PRE_203_6000629.h5,AXT1,SIEMENS,TrioTim,2.8936,4,NYU Clinical Cancer Ctr,640,320,1,320,320,1,440.0,220.0,5.0,220.0,220.0,5.0,320,0,0,264.0,2.88,300.0,70.0,Flash,,0,10,128,30
175,brain/data_reduced/multicoil_train/file_brain_AXT1PRE_203_6000633.h5,AXT1,SIEMENS,TrioTim,2.8936,4,NYU Clinical Cancer Ctr,640,320,1,320,320,1,440.0,220.0,5.0,220.0,220.0,5.0,320,0,0,264.0,2.88,300.0,70.0,Flash,,0,10,128,30
176,brain/data_reduced/multicoil_train/file_brain_AXT1PRE_203_6000635.h5,AXT1,SIEMENS,TrioTim,2.8936,4,NYU Clinical Cancer Ctr,640,320,1,320,320,1,440.0,220.0,5.0,220.0,220.0,5.0,320,0,0,264.0,2.88,300.0,70.0,Flash,,0,10,128,30
177,brain/data_reduced/multicoil_train/file_brain_AXT1PRE_205_6000016.h5,AXT1,SIEMENS,Aera,1.494,16,NYU LANGONE 32ND ST,640,320,1,320,320,1,440.0,220.0,7.5,220.0,220.0,5.0,224,0,0,400.0,9.4,100.0,140.0,TurboSpinEcho,9.4,0,10,128,30
178,brain/data_reduced/multicoil_train/file_brain_AXT1PRE_205_6000021.h5,AXT1,SIEMENS,Aera,1.494,16,NYU LANGONE 32ND ST,640,320,1,320,320,1,440.0,220.0,7.5,220.0,220.0,5.0,224,0,0,419.0,9.4,100.0,140.0,TurboSpinEcho,9.4,0,10,128,30
179,brain/data_reduced/multicoil_train/file_brain_AXT1PRE_205_6000036.h5,AXT1,SIEMENS,Aera,1.494,20,NYU LANGONE 32ND ST,640,320,1,320,320,1,440.0,220.0,7.5,220.0,220.0,5.0,224,0,0,400.0,9.4,100.0,140.0,TurboSpinEcho,9.4,0,10,128,30
180,brain/data_reduced/multicoil_train/file_brain_AXT1PRE_205_6000040.h5,AXT1,SIEMENS,Aera,1.494,20,NYU LANGONE 32ND ST,640,320,1,320,320,1,440.0,220.0,7.5,220.0,220.0,5.0,224,0,0,419.0,9.4,100.0,140.0,TurboSpinEcho,9.4,0,10,128,30
181,brain/data_reduced/multicoil_train/file_brain_AXT1PRE_205_6000057.h5,AXT1,SIEMENS,Aera,1.494,16,NYU LANGONE 32ND ST,640,320,1,320,320,1,440.0,220.0,7.5,220.0,220.0,5.0,224,0,0,419.0,9.4,100.0,140.0,TurboSpinEcho,9.4,0,10,128,30
182,brain/data_reduced/multicoil_train/file_brain_AXT1PRE_205_6000063.h5,AXT1,SIEMENS,Aera,1.494,20,NYU LANGONE 32ND ST,640,320,1,320,320,1,440.0,220.0,7.5,220.0,220.0,5.0,224,0,0,419.0,9.4,100.0,140.0,TurboSpinEcho,9.4,0,10,128,30
183,brain/data_reduced/multicoil_train/file_brain_AXT1PRE_205_6000079.h5,AXT1,SIEMENS,Aera,1.494,20,NYU LANGONE 32ND ST,640,320,1,320,320,1,440.0,220.0,7.5,220.0,220.0,5.0,224,0,0,419.0,9.4,100.0,140.0,TurboSpinEcho,9.4,0,10,128,30
184,brain/data_reduced/multicoil_train/file_brain_AXT1PRE_205_6000093.h5,AXT1,SIEMENS,Aera,1.494,16,NYU LANGONE 32ND ST,640,320,1,320,320,1,440.0,220.0,7.5,220.0,220.0,5.0,224,0,0,400.0,9.4,100.0,140.0,TurboSpinEcho,9.4,0,10,128,30
185,brain/data_reduced/multicoil_train/file_brain_AXT1PRE_205_6000096.h5,AXT1,SIEMENS,Aera,1.494,20,NYU LANGONE 32ND ST,640,320,1,320,320,1,440.0,220.0,7.5,220.0,220.0,5.0,224,0,0,419.0,9.4,100.0,140.0,TurboSpinEcho,9.4,0,10,128,30
186,brain/data_reduced/multicoil_train/file_brain_AXT1PRE_205_6000112.h5,AXT1,SIEMENS,Aera,1.494,20,NYU LANGONE 32ND ST,640,320,1,320,320,1,440.0,220.0,7.5,220.0,220.0,5.0,224,0,0,400.0,9.4,100.0,140.0,TurboSpinEcho,9.4,0,10,128,30
187,brain/data_reduced/multicoil_train/file_brain_AXT1PRE_205_6000114.h5,AXT1,SIEMENS,Aera,1.494,16,NYU LANGONE 32ND ST,640,320,1,320,320,1,440.0,220.0,7.5,220.0,220.0,5.0,224,0,0,400.0,9.4,100.0,140.0,TurboSpinEcho,9.4,0,10,128,30
188,brain/data_reduced/multicoil_train/file_brain_AXT1PRE_205_6000146.h5,AXT1,SIEMENS,Aera,1.494,20,NYU LANGONE 32ND ST,640,320,1,320,320,1,440.0,220.0,7.5,220.0,220.0,5.0,224,0,0,400.0,9.4,100.0,140.0,TurboSpinEcho,9.4,0,10,128,30
189,brain/data_reduced/multicoil_train/file_brain_AXT1PRE_205_6000149.h5,AXT1,SIEMENS,Aera,1.494,16,NYU LANGONE 32ND ST,640,320,1,320,320,1,440.0,220.0,7.5,220.0,220.0,5.0,224,0,0,400.0,9.4,100.0,140.0,TurboSpinEcho,9.4,0,10,128,30
190,brain/data_reduced/multicoil_train/file_brain_AXT1PRE_205_6000155.h5,AXT1,SIEMENS,Aera,1.494,18,NYU LANGONE 32ND ST,640,320,1,320,320,1,440.0,220.0,7.5,220.0,220.0,5.0,224,0,0,446.0,9.4,100.0,140.0,TurboSpinEcho,9.4,0,10,128,30
191,brain/data_reduced/multicoil_train/file_brain_AXT1PRE_205_6000160.h5,AXT1,SIEMENS,Aera,1.494,20,NYU LANGONE 32ND ST,640,320,1,320,320,1,440.0,220.0,7.5,220.0,220.0,5.0,224,0,0,419.0,9.4,100.0,140.0,TurboSpinEcho,9.4,0,10,128,30
192,brain/data_reduced/multicoil_train/file_brain_AXT1PRE_205_6000178.h5,AXT1,SIEMENS,Aera,1.494,16,NYU LANGONE 32ND ST,640,320,1,320,320,1,440.0,220.0,7.5,220.0,220.0,5.0,224,0,0,419.0,9.4,100.0,140.0,TurboSpinEcho,9.4,0,10,128,30
193,brain/data_reduced/multicoil_train/file_brain_AXT1PRE_206_6000192.h5,AXT1,SIEMENS,Aera,1.494,20,NYU LANGONE LOC,640,320,1,320,320,1,440.0,220.0,7.5,220.0,220.0,5.0,224,0,0,446.0,9.4,100.0,140.0,TurboSpinEcho,9.4,0,10,128,30
194,brain/data_reduced/multicoil_train/file_brain_AXT1PRE_206_6000196.h5,AXT1,SIEMENS,Aera,1.494,20,NYU LANGONE LOC,640,320,1,320,320,1,440.0,220.0,7.5,220.0,220.0,5.0,224,0,0,419.0,9.4,100.0,140.0,TurboSpinEcho,9.4,0,10,128,30
195,brain/data_reduced/multicoil_train/file_brain_AXT1PRE_206_6000201.h5,AXT1,SIEMENS,Aera,1.494,16,NYU LANGONE LOC,640,320,1,320,320,1,440.0,220.0,7.5,220.0,220.0,5.0,224,0,0,419.0,9.4,100.0,140.0,TurboSpinEcho,9.4,0,10,128,30
196,brain/data_reduced/multicoil_train/file_brain_AXT1PRE_209_6000978.h5,AXT1,SIEMENS,Biograph_mMR,2.8936,14,NYU LANGONE CBI,640,320,1,320,320,1,440.0,220.0,5.0,220.0,220.0,5.0,320,0,0,250.0,2.64,300.0,70.0,Flash,,0,10,128,30
197,brain/data_reduced/multicoil_train/file_brain_AXT1PRE_209_6000986.h5,AXT1,SIEMENS,Biograph_mMR,2.8936,12,NYU LANGONE CBI,640,320,1,320,320,1,440.0,220.0,5.0,220.0,220.0,5.0,320,0,0,250.0,2.64,300.0,70.0,Flash,,0,10,128,30
198,brain/data_reduced/multicoil_train/file_brain_AXT1PRE_209_6000989.h5,AXT1,SIEMENS,Biograph_mMR,2.8936,14,NYU LANGONE CBI,640,320,1,320,320,1,440.0,220.0,5.0,220.0,220.0,5.0,320,0,0,250.0,2.64,300.0,70.0,Flash,,0,10,128,30
199,brain/data_reduced/multicoil_train/file_brain_AXT1PRE_210_6001637.h5,AXT1,SIEMENS,Prisma_fit,2.8936,16,NYU LANGONE CBI,640,320,1,320,320,1,440.0,220.0,5.0,220.0,220.0,5.0,320,0,0,250.0,2.64,300.0,70.0,Flash,,0,10,128,30
200,brain/data_reduced/multicoil_train/file_brain_AXT1PRE_210_6001648.h5,AXT1,SIEMENS,Prisma_fit,2.8936,16,NYU LANGONE CBI,640,320,1,320,320,1,440.0,220.0,5.0,220.0,220.0,5.0,320,0,0,250.0,2.64,300.0,70.0,Flash,,0,10,128,30
201,brain/data_reduced/multicoil_train/file_brain_AXT1PRE_210_6001653.h5,AXT1,SIEMENS,Prisma_fit,2.8936,16,NYU LANGONE CBI,640,320,1,320,320,1,440.0,220.0,5.0,220.0,220.0,5.0,320,0,0,250.0,2.64,300.0,70.0,Flash,,0,10,128,30
202,brain/data_reduced/multicoil_train/file_brain_AXT2_200_2000003.h5,AXT2,SIEMENS,Skyra,2.8936,16,NYU,768,396,1,384,384,1,440.0,226.82,7.5,220.0,220.0,5.0,396,0,0,6190.0,113.0,100.0,180.0,TurboSpinEcho,10.26,0,10,128,30
203,brain/data_reduced/multicoil_train/file_brain_AXT2_200_2000006.h5,AXT2,SIEMENS,Skyra,2.8936,20,NYU,768,396,1,384,384,1,440.0,226.82,7.5,220.0,220.0,5.0,396,0,0,6190.0,113.0,100.0,160.0,TurboSpinEcho,10.26,0,10,128,30
204,brain/data_reduced/multicoil_train/file_brain_AXT2_200_2000007.h5,AXT2,SIEMENS,Skyra,2.8936,16,NYU,768,396,1,384,384,1,440.0,226.82,7.5,220.0,220.0,5.0,396,0,0,6570.0,113.0,100.0,180.0,TurboSpinEcho,10.26,0,10,128,30
205,brain/data_reduced/multicoil_train/file_brain_AXT2_200_2000009.h5,AXT2,SIEMENS,Skyra,2.8936,20,NYU,768,396,1,384,384,1,440.0,226.82,7.5,220.0,220.0,5.0,396,0,0,6000.0,113.0,100.0,180.0,TurboSpinEcho,10.26,0,10,128,30
206,brain/data_reduced/multicoil_train/file_brain_AXT2_200_2000015.h5,AXT2,SIEMENS,Skyra,2.8936,20,NYU,768,396,1,384,384,1,440.0,226.82,7.5,220.0,220.0,5.0,396,0,0,6000.0,113.0,100.0,180.0,TurboSpinEcho,10.26,0,10,128,30
207,brain/data_reduced/multicoil_train/file_brain_AXT2_200_2000017.h5,AXT2,SIEMENS,Skyra,2.8936,20,NYU,768,396,1,384,384,1,440.0,226.82,7.5,220.0,220.0,5.0,396,0,0,6000.0,113.0,100.0,180.0,TurboSpinEcho,10.26,0,10,128,30
208,brain/data_reduced/multicoil_train/file_brain_AXT2_200_2000018.h5,AXT2,SIEMENS,Skyra,2.8936,20,NYU,768,396,1,384,384,1,440.0,226.82,7.5,220.0,220.0,5.0,396,0,0,6000.0,113.0,100.0,177.0,TurboSpinEcho,10.26,0,10,128,30
209,brain/data_reduced/multicoil_train/file_brain_AXT2_200_2000020.h5,AXT2,SIEMENS,Skyra,2.8936,16,NYU,768,396,1,384,384,1,440.0,226.82,7.5,220.0,220.0,5.0,396,0,0,6190.0,113.0,100.0,180.0,TurboSpinEcho,10.26,0,10,128,30
210,brain/data_reduced/multicoil_train/file_brain_AXT2_200_2000023.h5,AXT2,SIEMENS,Skyra,2.8936,20,NYU,768,396,1,384,384,1,440.0,226.82,7.5,220.0,220.0,5.0,396,0,0,6190.0,113.0,100.0,150.0,TurboSpinEcho,10.26,0,10,128,30
211,brain/data_reduced/multicoil_train/file_brain_AXT2_200_2000028.h5,AXT2,SIEMENS,Skyra,2.8936,16,NYU,768,396,1,384,384,1,440.0,226.82,7.5,220.0,220.0,5.0,396,0,0,6000.0,113.0,100.0,180.0,TurboSpinEcho,10.26,0,10,128,30
212,brain/data_reduced/multicoil_train/file_brain_AXT2_200_2000030.h5,AXT2,SIEMENS,Skyra,2.8936,28,NYU,768,396,1,384,384,1,440.0,226.82,7.5,220.0,220.0,5.0,396,0,0,6570.0,113.0,100.0,143.0,TurboSpinEcho,10.26,0,10,128,30
213,brain/data_reduced/multicoil_train/file_brain_AXT2_200_2000032.h5,AXT2,SIEMENS,Skyra,2.8936,20,NYU,768,396,1,384,384,1,440.0,226.82,7.5,220.0,220.0,5.0,396,0,0,6570.0,113.0,100.0,180.0,TurboSpinEcho,10.26,0,10,128,30
214,brain/data_reduced/multicoil_train/file_brain_AXT2_202_2020004.h5,AXT2,SIEMENS,Aera,1.494,20,TH,640,320,1,320,320,1,440.0,220.0,7.5,220.0,220.0,5.0,320,0,0,5460.0,102.0,100.0,150.0,TurboSpinEcho,10.16,0,10,128,30
215,brain/data_reduced/multicoil_train/file_brain_AXT2_202_2020008.h5,AXT2,SIEMENS,Aera,1.494,12,TH,640,320,1,320,320,1,440.0,220.0,7.5,220.0,220.0,5.0,320,0,0,5640.0,102.0,100.0,150.0,TurboSpinEcho,10.24,0,10,128,30
216,brain/data_reduced/multicoil_train/file_brain_AXT2_202_2020015.h5,AXT2,SIEMENS,Aera,1.494,20,TH,640,320,1,320,320,1,440.0,220.0,7.5,220.0,220.0,5.0,320,0,0,5950.0,102.0,100.0,150.0,TurboSpinEcho,10.24,0,10,128,30
217,brain/data_reduced/multicoil_train/file_brain_AXT2_202_2020016.h5,AXT2,SIEMENS,Aera,1.494,16,TH,640,320,1,320,320,1,440.0,220.0,7.5,220.0,220.0,5.0,320,0,0,5120.0,102.0,100.0,150.0,TurboSpinEcho,10.16,0,10,128,30
218,brain/data_reduced/multicoil_train/file_brain_AXT2_202_2020020.h5,AXT2,SIEMENS,Aera,1.494,16,TH,640,320,1,320,320,1,440.0,220.0,7.5,220.0,220.0,5.0,320,0,0,5120.0,102.0,100.0,150.0,TurboSpinEcho,10.16,0,10,128,30
219,brain/data_reduced/multicoil_train/file_brain_AXT2_202_2020022.h5,AXT2,SIEMENS,Aera,1.494,16,TH,640,320,1,320,320,1,440.0,220.0,7.5,220.0,220.0,5.0,320,0,0,5460.0,102.0,100.0,150.0,TurboSpinEcho,10.16,0,10,128,30
220,brain/data_reduced/multicoil_train/file_brain_AXT2_202_2020023.h5,AXT2,SIEMENS,Aera,1.494,16,TH,640,320,1,320,320,1,440.0,220.0,7.5,220.0,220.0,5.0,320,0,0,5120.0,102.0,100.0,150.0,TurboSpinEcho,10.16,0,10,128,30
221,brain/data_reduced/multicoil_train/file_brain_AXT2_203_2030004.h5,AXT2,SIEMENS,TrioTim,2.8936,4,NYU,768,392,1,384,384,1,440.0,224.62,7.5,220.0,220.0,5.0,392,0,0,6000.0,107.0,500.0,120.0,TurboSpinEcho,10.72,0,10,128,30
222,brain/data_reduced/multicoil_train/file_brain_AXT2_203_2030007.h5,AXT2,SIEMENS,TrioTim,2.8936,4,NYU,768,392,1,384,384,1,440.0,224.62,7.5,220.0,220.0,5.0,392,0,0,6000.0,107.0,500.0,120.0,TurboSpinEcho,10.72,0,10,128,30
223,brain/data_reduced/multicoil_train/file_brain_AXT2_207_2070003.h5,AXT2,SIEMENS,Avanto,1.494,4,NYU,640,320,1,320,320,1,440.0,220.0,7.5,220.0,220.0,5.0,320,0,0,5120.0,103.0,100.0,150.0,TurboSpinEcho,10.28,0,10,128,30
224,brain/data_reduced/multicoil_train/file_brain_AXT2_207_2070004.h5,AXT2,SIEMENS,Avanto,1.494,5,NYU,640,320,1,320,320,1,440.0,220.0,7.5,220.0,220.0,5.0,320,0,0,5120.0,103.0,100.0,150.0,TurboSpinEcho,10.28,0,10,128,30
225,brain/data_reduced/multicoil_train/file_brain_AXT2_207_2070007.h5,AXT2,SIEMENS,Avanto,1.494,4,NYU,640,320,1,320,320,1,440.0,220.0,7.5,220.0,220.0,5.0,320,0,0,5120.0,103.0,100.0,150.0,TurboSpinEcho,10.28,0,10,128,30
226,brain/data_reduced/multicoil_train/file_brain_AXT2_207_2070011.h5,AXT2,SIEMENS,Avanto,1.494,4,NYU,640,320,1,320,320,1,440.0,220.0,7.5,220.0,220.0,5.0,320,0,0,5120.0,103.0,100.0,150.0,TurboSpinEcho,10.28,0,10,128,30
227,brain/data_reduced/multicoil_train/file_brain_AXT2_207_2070012.h5,AXT2,SIEMENS,Avanto,1.494,6,NYU,640,320,1,320,320,1,440.0,220.0,7.5,220.0,220.0,5.0,320,0,0,5120.0,103.0,100.0,150.0,TurboSpinEcho,10.28,0,10,128,30
228,brain/data_reduced/multicoil_train/file_brain_AXT2_207_2070013.h5,AXT2,SIEMENS,Avanto,1.494,6,NYU,640,320,1,320,320,1,440.0,220.0,7.5,220.0,220.0,5.0,320,0,0,5120.0,103.0,100.0,150.0,TurboSpinEcho,10.28,0,10,128,30
229,brain/data_reduced/multicoil_train/file_brain_AXT2_207_2070017.h5,AXT2,SIEMENS,Avanto,1.494,6,NYU,640,320,1,320,320,1,440.0,220.0,7.5,220.0,220.0,5.0,320,0,0,5120.0,103.0,100.0,150.0,TurboSpinEcho,10.28,0,10,128,30
230,brain/data_reduced/multicoil_train/file_brain_AXT2_207_2070019.h5,AXT2,SIEMENS,Avanto,1.494,6,NYU,640,320,1,320,320,1,440.0,220.0,7.5,220.0,220.0,5.0,320,0,0,5120.0,103.0,100.0,150.0,TurboSpinEcho,10.28,0,10,128,30
231,brain/data_reduced/multicoil_train/file_brain_AXT2_207_2070022.h5,AXT2,SIEMENS,Avanto,1.494,6,NYU,640,320,1,320,320,1,440.0,220.0,7.5,220.0,220.0,5.0,320,0,0,5120.0,103.0,100.0,150.0,TurboSpinEcho,10.28,0,10,128,30
232,brain/data_reduced/multicoil_train/file_brain_AXT2_209_2090008.h5,AXT2,SIEMENS,Biograph_mMR,2.8936,14,NYU,768,396,1,384,384,1,440.0,226.82,7.5,220.0,220.0,5.0,396,0,0,6000.0,113.0,100.0,179.0,TurboSpinEcho,10.26,0,10,128,30
233,brain/data_reduced/multicoil_train/file_brain_AXT2_209_2090010.h5,AXT2,SIEMENS,Biograph_mMR,2.8936,14,NYU,768,396,1,384,384,1,440.0,226.82,7.5,220.0,220.0,5.0,396,0,0,6000.0,113.0,100.0,179.0,TurboSpinEcho,10.26,0,10,128,30
234,brain/data_reduced/multicoil_train/file_brain_AXT2_209_2090011.h5,AXT2,SIEMENS,Biograph_mMR,2.8936,14,NYU,768,396,1,384,384,1,440.0,226.82,7.5,220.0,220.0,5.0,396,0,0,6000.0,113.0,100.0,178.0,TurboSpinEcho,10.26,0,10,128,30
235,brain/data_reduced/multicoil_train/file_brain_AXT2_209_2090013.h5,AXT2,SIEMENS,Biograph_mMR,2.8936,14,NYU,768,396,1,384,384,1,440.0,226.82,7.5,220.0,220.0,5.0,396,0,0,6630.0,113.0,100.0,180.0,TurboSpinEcho,10.26,0,10,128,30
236,brain/data_reduced/multicoil_train/file_brain_AXT2_209_2090016.h5,AXT2,SIEMENS,Biograph_mMR,2.8936,16,NYU,768,396,1,384,384,1,440.0,226.82,7.5,220.0,220.0,5.0,396,0,0,6000.0,113.0,100.0,179.0,TurboSpinEcho,10.26,0,10,128,30
237,brain/data_reduced/multicoil_train/file_brain_AXT2_209_2090017.h5,AXT2,SIEMENS,Biograph_mMR,2.8936,14,NYU,768,396,1,384,384,1,440.0,226.82,7.5,220.0,220.0,5.0,396,0,0,6790.0,113.0,100.0,180.0,TurboSpinEcho,10.26,0,10,128,30
238,brain/data_reduced/multicoil_train/file_brain_AXT2_210_2100004.h5,AXT2,SIEMENS,Prisma_fit,2.8936,16,NYU,768,396,1,384,384,1,440.0,226.82,7.5,220.0,220.0,5.0,396,0,0,6000.0,113.0,100.0,180.0,TurboSpinEcho,10.26,0,10,128,30
239,brain/data_reduced/multicoil_train/file_brain_AXT2_210_2100005.h5,AXT2,SIEMENS,Prisma_fit,2.8936,16,NYU,768,396,1,384,384,1,440.0,226.82,7.5,220.0,220.0,5.0,396,0,0,6000.0,113.0,100.0,180.0,TurboSpinEcho,10.26,0,10,128,30
240,brain/data_reduced/multicoil_train/file_brain_AXT2_210_2100007.h5,AXT2,SIEMENS,Prisma_fit,2.8936,16,NYU,768,396,1,384,384,1,440.0,226.82,7.5,220.0,220.0,5.0,396,0,0,6000.0,113.0,100.0,180.0,TurboSpinEcho,10.26,0,10,128,30
241,brain/data_reduced/multicoil_train/file_brain_AXT2_210_2100009.h5,AXT2,SIEMENS,Prisma_fit,2.8936,16,NYU,768,396,1,384,384,1,440.0,226.82,7.5,220.0,220.0,5.0,396,0,0,6000.0,113.0,100.0,180.0,TurboSpinEcho,10.26,0,10,128,30
242,brain/data_reduced/multicoil_train/file_brain_AXT2_210_2100011.h5,AXT2,SIEMENS,Prisma_fit,2.8936,16,NYU,768,396,1,384,384,1,440.0,226.82,7.5,220.0,220.0,5.0,396,0,0,6000.0,113.0,100.0,180.0,TurboSpinEcho,10.26,0,10,128,30
